{
	"format_version": "1.12.0",
	"minecraft:geometry": [
		{
			"description": {
				"identifier": "geometry.unknown",
				"texture_width": 256,
				"texture_height": 256,
				"visible_bounds_width": 8,
				"visible_bounds_height": 5,
				"visible_bounds_offset": [0, 1.5, 0]
			},
			"bones": [
				{
					"name": "main",
					"pivot": [0, 20, 0]
				},
				{
					"name": "armR_gun",
					"parent": "main",
					"pivot": [0, 21.74508, 4.87875]
				},
				{
					"name": "gun",
					"parent": "armR_gun",
					"pivot": [0, 21.74508, 4.87875],
					"cubes": [
						{
							"origin": [-2, 25.7, -36],
							"size": [4, 4, 12],
							"inflate": 0.005,
							"uv": {
								"north": {"uv": [57, 138], "uv_size": [4, 4]},
								"east": {"uv": [33, 124], "uv_size": [24, 8]},
								"south": {"uv": [61, 138], "uv_size": [4, 4]},
								"west": {"uv": [33, 124], "uv_size": [24, 8]},
								"up": {"uv": [57, 126], "uv_size": [4, 12]},
								"down": {"uv": [61, 138], "uv_size": [4, -12]}
							}
						},
						{"origin": [-2, 25.35, -41], "size": [4, 1, 23], "inflate": -0.002, "uv": [76, 0]},
						{"origin": [-1.5, 26.35, -1.225], "size": [3, 3, 9], "inflate": -0.01, "uv": [40, 12]},
						{"origin": [-1.5, 26.35, -41.225], "size": [3, 3, 32], "inflate": -0.01, "uv": [0, 35]},
						{"origin": [-1.5, 22.25, -41.225], "size": [3, 3, 32.125], "inflate": 0.1, "uv": [39, 39]},
						{"origin": [-2, 26.85, 7.75], "size": [4, 2, 5], "inflate": -0.003, "uv": [116, 79]},
						{"origin": [-1, 27.85, 7.75], "size": [2, 2, 5], "uv": [106, 33]},
						{"origin": [-1.12188, 29.13866, 7.75], "size": [1.425, 1, 5], "pivot": [0, 28.42132, 10.25], "rotation": [0, 0, -45], "uv": [32, 87]},
						{"origin": [-0.30312, 29.13866, 7.75], "size": [1.425, 1, 5], "pivot": [0, 28.42132, 10.25], "rotation": [0, 0, 45], "uv": [82, 29]},
						{"origin": [-2, 26, 12], "size": [4, 2, 5], "inflate": -0.003, "pivot": [0, 27.57132, 14.5], "rotation": [-22.5, 0, 0], "uv": [92, 105]},
						{"origin": [-1, 27, 12], "size": [2, 2, 5], "pivot": [0, 27.57132, 14.5], "rotation": [-22.5, 0, 0], "uv": [106, 25]},
						{"origin": [-1.12188, 28.28866, 12], "size": [1.425, 1, 5], "pivot": [0, 27.57132, 14.5], "rotation": [-16.32495, -15.69986, -42.73421], "uv": [18, 35]},
						{"origin": [-0.30312, 28.28866, 12], "size": [1.425, 1, 5], "pivot": [0, 27.57132, 14.5], "rotation": [-16.32495, 15.69986, 42.73421], "uv": [57, 35]},
						{"origin": [-2, 22, -8.75], "size": [4, 1, 7.75], "uv": [66, 29]},
						{"origin": [-1.5, 21.1, -42], "size": [3, 1, 33], "inflate": -0.01, "uv": [0, 0]},
						{
							"origin": [-2, 19.775, -42],
							"size": [4, 2, 0],
							"pivot": [0, 20.775, -42],
							"rotation": [0, 180, 0],
							"uv": {
								"north": {"uv": [39, 6], "uv_size": [5, 3]},
								"east": {"uv": [40, 6], "uv_size": [0, 2]},
								"south": {"uv": [44, 6], "uv_size": [5, 3]},
								"west": {"uv": [44, 6], "uv_size": [0, 2]},
								"up": {"uv": [40, 6], "uv_size": [4, 0]},
								"down": {"uv": [44, 6], "uv_size": [4, 0]}
							}
						},
						{
							"origin": [-4, 25.025, 18.5],
							"size": [4, 2, 0],
							"pivot": [-2, 27.025, 18.5],
							"rotation": [0, -90, 5],
							"uv": {
								"north": {"uv": [39, 6], "uv_size": [5, 3]},
								"east": {"uv": [40, 6], "uv_size": [0, 2]},
								"south": {"uv": [44, 6], "uv_size": [5, 3]},
								"west": {"uv": [44, 6], "uv_size": [0, 2]},
								"up": {"uv": [40, 6], "uv_size": [4, 0]},
								"down": {"uv": [44, 6], "uv_size": [4, 0]}
							}
						},
						{"origin": [1.4, 20.575, -9.15], "size": [1, 1.825, 4.65], "inflate": -0.4, "uv": [90, 36]},
						{"origin": [-2, 19.92945, -10.72741], "size": [4, 3.075, 2], "uv": [95, 54]},
						{"origin": [1.4, 20.45779, -9.27596], "size": [1, 1.825, 8.8], "inflate": -0.402, "pivot": [0.4, 20.95779, -5.27596], "rotation": [15, 0, 0], "uv": [81, 105]},
						{"origin": [-2.4, 20.45779, -9.27596], "size": [1, 1.825, 8.8], "inflate": -0.402, "pivot": [-3.4, 20.95779, -5.27596], "rotation": [15, 0, 0], "uv": [87, 61]},
						{"origin": [-2.4, 20.575, -9.15], "size": [1, 1.825, 4.65], "inflate": -0.4, "uv": [21, 58]},
						{"origin": [-1.8, 22, -2], "size": [3.6, 1.05, 1], "inflate": -0.002, "pivot": [0, 22, -1], "rotation": [15, 0, 0], "uv": [39, 41]},
						{"origin": [-2, 25, 0], "size": [4, 2, 17], "uv": [95, 102]},
						{"origin": [-1, 19.45836, 3.62523], "size": [2, 1.25, 2.8], "inflate": -0.402, "pivot": [0, 19.95836, 4.52523], "rotation": [15, 0, 0], "uv": [40, 29]},
						{"origin": [-1, 19.33281, 0.67156], "size": [2, 1.25, 3.8], "inflate": -0.402, "uv": [0, 62]},
						{"origin": [-1, 19.57812, -0.35647], "size": [2, 1.25, 2.05], "inflate": -0.402, "pivot": [0, 20.20312, 0.79353], "rotation": [-35, 0, 0], "uv": [40, 17]},
						{"origin": [-1, 20.04749, -0.3491], "size": [2, 2.175, 1.25], "inflate": -0.402, "uv": [25, 49]},
						{"origin": [-0.5, 28.82249, -41.4241], "size": [1, 3, 1.75], "inflate": -0.402, "pivot": [0, 31.42249, -40.0741], "rotation": [70, 0, 0], "uv": [26, 35]},
						{"origin": [-0.5, 28.82249, -41.4241], "size": [1, 3, 1.75], "inflate": -0.402, "uv": [18, 35]},
						{"origin": [-1, 21.39749, -1.3991], "size": [2, 2, 2.3], "inflate": -0.402, "uv": [32, 73]},
						{"origin": [-2, 23, -9], "size": [4, 4, 9], "uv": [0, 35]},
						{"origin": [-1, 27, 17], "size": [2, 1, 9], "uv": [62, 75]},
						{"origin": [0.5, 26.79289, 17], "size": [1.4, 1, 9], "pivot": [1, 27.29289, 21.5], "rotation": [0, 0, 45], "uv": [78, 38]},
						{"origin": [-1.9, 26.79289, 17], "size": [1.4, 1, 9], "pivot": [-1, 27.29289, 21.5], "rotation": [0, 0, -45], "uv": [76, 11]},
						{"origin": [-1.84142, 25.67658, 25.52886], "size": [1.4, 1, 6], "pivot": [-1.14142, 26.17658, 28.52886], "rotation": [-14.43276, -13.99545, -43.21918], "uv": [33, 103]},
						{"origin": [0.5, 26.32251, 25.66769], "size": [1.4, 1, 6], "pivot": [1, 26.82251, 27.16769], "rotation": [-14.43276, 13.99545, 43.21918], "uv": [59, 105]},
						{"origin": [-2, 23, 17], "size": [4, 4, 9], "uv": [39, 35]},
						{"origin": [-1.5, 16.94788, 26.63816], "size": [3, 9, 5], "uv": [78, 54]},
						{"origin": [-1, 27, 26], "size": [2, 1, 6], "pivot": [0, 28, 26], "rotation": [-20, 0, 0], "uv": [89, 89]},
						{"origin": [-2, 23, 26], "size": [4, 4, 6], "inflate": -0.003, "pivot": [0, 28, 26], "rotation": [-20, 0, 0], "uv": [76, 0]},
						{"origin": [-2, 23, 0], "size": [4, 2, 17], "uv": [33, 103]},
						{"origin": [-1.5, 15.82557, 7.51509], "size": [3, 3, 24], "inflate": 0.003, "pivot": [0, 17.32557, 23.01509], "rotation": [7.5, 0, 0], "uv": [31, 75]},
						{"origin": [-1.5, 20.94788, 31.63816], "size": [3, 5, 2], "uv": [56, 12]},
						{"origin": [-1.5, 16.94788, 32.63816], "size": [3, 4, 0], "pivot": [0, 20.94788, 32.63816], "rotation": [175, 0, 180], "uv": [25, 0]},
						{"origin": [-1.5, 14.9631, 32.98678], "size": [3, 2, 0], "pivot": [0, 16.9631, 32.98678], "rotation": [-145, 0, 180], "uv": [25, 5]},
						{"origin": [-1.5, 7.3248, 31.83963], "size": [3, 8, 0], "pivot": [0, 15.3248, 31.83963], "rotation": [-85, 0, -180], "uv": [0, 35]},
						{"origin": [-1.5, 16.09843, 5.89943], "size": [3, 5, 4], "pivot": [0, 20.26301, 8.07868], "rotation": [22.5, 0, 0], "uv": [89, 79]},
						{"origin": [-1.5, 20.40445, 5.74908], "size": [3, 3, 4], "pivot": [0, 20.26301, 8.07868], "rotation": [5, 0, 0], "uv": [108, 0]},
						{"origin": [-0.5, 20.28232, 4.61108], "size": [1, 3, 2], "uv": [0, 0]},
						{"origin": [-2, 25.7, -41], "size": [4, 4, 23], "uv": [0, 71]},
						{"origin": [-2, 26.35, -18], "size": [4, 2, 9], "uv": [40, 0]},
						{"origin": [-1, 28.35, -18], "size": [2, 2, 9], "uv": [32, 75]},
						{"origin": [-0.44874, 27.75887, -18], "size": [2, 2.25, 9], "inflate": -0.002, "pivot": [0.55126, 29.00887, -13.5], "rotation": [0, 0, -26.5], "uv": [0, 71]},
						{"origin": [-1.55126, 27.75887, -18], "size": [2, 2.25, 9], "inflate": -0.002, "pivot": [-0.55126, 29.00887, -13.5], "rotation": [0, 0, 26.5], "uv": [39, 49]},
						{"origin": [-1, 29.7, -41], "size": [2, 1, 23], "uv": [78, 29]},
						{"origin": [-1.925, 29.49289, -41], "size": [1.425, 1, 23], "inflate": -0.002, "pivot": [-1, 29.99289, -29.5], "rotation": [0, 0, -45], "uv": [87, 54]},
						{"origin": [0.37552, 29.19237, -41], "size": [1.425, 1, 23], "inflate": -0.002, "pivot": [1.30052, 29.69237, -29.5], "rotation": [0, 0, 45], "uv": [63, 80]}
					]
				},
				{
					"name": "shellDoor",
					"parent": "gun",
					"pivot": [0, 21.74118, -1.96593],
					"cubes": [
						{"origin": [-1.8, 21.74118, -8.96593], "size": [3.6, 1.05, 7], "inflate": -0.002, "pivot": [0, 21.74118, -1.96593], "rotation": [15, 0, 0], "uv": [62, 86]}
					]
				},
				{
					"name": "pump",
					"parent": "gun",
					"pivot": [0, 23.7, -27],
					"cubes": [
						{"origin": [-2, 21.7, -36], "size": [4, 4, 18], "uv": [89, 79]},
						{"origin": [-1, 19.7, -36], "size": [2, 2, 18], "uv": [108, 0]},
						{"origin": [-1.73253, 20.13433, -36], "size": [2.25, 2, 18], "inflate": -0.002, "pivot": [-0.59503, 21.13433, -27], "rotation": [0, 0, 63.25], "uv": [106, 25]},
						{"origin": [-0.53121, 20.15666, -36], "size": [2.25, 2, 18], "inflate": -0.002, "pivot": [0.60629, 21.15666, -27], "rotation": [0, 0, -63.25], "uv": [58, 105]},
						{"origin": [-0.30312, 29.43866, -3], "size": [1.425, 1, 3.5], "pivot": [0, 28.72132, -2.5], "rotation": [0, 0, 45], "uv": [14, 71]},
						{"origin": [-1, 28.15, -3], "size": [2, 2, 3.5], "uv": [88, 11]},
						{"origin": [-1.12188, 29.43866, -3], "size": [1.425, 1, 3.5], "pivot": [0, 28.72132, -2.5], "rotation": [0, 0, -45], "uv": [0, 71]},
						{"origin": [-2, 27, -3], "size": [4, 2.15, 3.5], "inflate": -0.003, "uv": [39, 61]},
						{"origin": [-0.30312, 29.98866, -9], "size": [1.425, 1, 6], "pivot": [0, 29.27132, -6.5], "rotation": [0, 0, 45], "uv": [56, 58]},
						{"origin": [-1, 28.7, -9], "size": [2, 2, 6], "uv": [53, 49]},
						{"origin": [-1.12188, 29.98866, -9], "size": [1.425, 1, 6], "pivot": [0, 29.27132, -6.5], "rotation": [0, 0, -45], "uv": [16, 49]},
						{"origin": [-2, 27, -9], "size": [4, 2.7, 6], "inflate": -0.003, "uv": [0, 83]},
						{"origin": [-2, 25.35, -36], "size": [4, 1, 27], "inflate": -0.01, "uv": [40, 0]},
						{"origin": [-1.10356, 29.91866, -7.15], "size": [1.4, 1.825, 3], "inflate": -0.403, "pivot": [-0.40356, 30.83116, -5.65], "rotation": [0, 0, -30], "uv": [39, 49]},
						{"origin": [-1.4, 30, -7.15], "size": [1.4, 1.825, 3], "inflate": -0.4, "uv": [11, 62]},
						{"origin": [-1.95314, 28.98565, -7.15], "size": [1.5, 2.8, 3], "inflate": -0.403, "pivot": [-1.20314, 30.37315, -5.65], "rotation": [0, 0, 30], "uv": [39, 35]},
						{"origin": [0.45314, 28.98565, -7.15], "size": [1.5, 2.8, 3], "inflate": -0.403, "pivot": [1.20314, 30.37315, -5.65], "rotation": [0, 0, -30], "uv": [40, 0]},
						{"origin": [-0.29644, 29.91866, -7.15], "size": [1.4, 1.825, 3], "inflate": -0.403, "pivot": [0.40356, 30.83116, -5.65], "rotation": [0, 0, 30], "uv": [0, 49]},
						{"origin": [-0.7, 29.725, -7.15], "size": [1.4, 1.825, 3], "inflate": -0.405, "uv": [40, 12]},
						{"origin": [0, 30, -7.15], "size": [1.4, 1.825, 3], "inflate": -0.4, "uv": [58, 0]},
						{"origin": [0.45, 29.475, -3.4], "size": [1.5, 2, 1.5], "inflate": -0.4, "pivot": [1.2, 30.5625, -2.65], "rotation": [-32.14833, 2.42705, 22.38417], "uv": [16, 49]},
						{"origin": [-1.4, 29.275, -3.4], "size": [1.75, 2, 1.75], "inflate": -0.4, "uv": [27, 42]},
						{"origin": [-1.75, 30.075, -2.7], "size": [1, 1.2, 1.5], "inflate": -0.4, "pivot": [-1.25, 30.825, -1.825], "rotation": [0, -45, 0], "uv": [49, 29]},
						{"origin": [-1.75, 30.075, -2], "size": [1, 1.4, 1.4], "inflate": -0.4, "pivot": [-1.25, 30.825, -1.825], "rotation": [0, -45, 0], "uv": [27, 46]}
					]
				},
				{
					"name": "rightarm",
					"parent": "armR_gun",
					"pivot": [-8.3, 13.8, 24.8],
					"rotation": [-101.81106, -12.40003, -2.46982],
					"cubes": [
						{"origin": [-12.3, -10.2, 20.8], "size": [8, 24, 8], "uv": [0, 99]}
					]
				},
				{
					"name": "muzzleflash",
					"parent": "armR_gun",
					"pivot": [0, 27.8, -41.35],
					"cubes": [
						{"origin": [-0.5, 27.3, -41.85], "size": [1, 1, 1], "inflate": -0.4, "uv": [27, 45]}
					]
				},
				{
					"name": "scope",
					"parent": "armR_gun",
					"pivot": [0, 31.425, 6.95],
					"cubes": [
						{"origin": [-0.5, 30.925, 6.45], "size": [1, 1, 1], "inflate": -0.4, "uv": [27, 42]}
					]
				},
				{
					"name": "armL_shell",
					"parent": "main",
					"pivot": [9.9, 10.4187, -8.4147]
				},
				{
					"name": "shell",
					"parent": "armL_shell",
					"pivot": [-0.1, 23.7187, -13.9147],
					"cubes": [
						{"origin": [-1.5, 22.2187, -18.6647], "size": [3, 3, 9.5], "inflate": -0.2, "uv": [0, 49]}
					]
				},
				{
					"name": "shell2",
					"parent": "armL_shell",
					"pivot": [-0.1, 27.4187, -13.9147],
					"cubes": [
						{"origin": [-1.5, 25.9187, -18.6647], "size": [3, 3, 9.5], "inflate": -0.2, "uv": [114, 63]}
					]
				},
				{
					"name": "leftarm",
					"parent": "armL_shell",
					"pivot": [10.7, 11.3, -8.6],
					"rotation": [-89.4933, 29.65402, 49.76456],
					"cubes": [
						{"origin": [6.7, -12.7, -12.6], "size": [8, 24, 8], "uv": [0, 0]}
					]
				},
				{
					"name": "_camera_",
					"pivot": [9, 40, 25]
				}
			]
		}
	]
}