{
	"format_version": "1.12.0",
	"minecraft:geometry": [
		{
			"description": {
				"identifier": "geometry.unknown",
				"texture_width": 256,
				"texture_height": 256,
				"visible_bounds_width": 8,
				"visible_bounds_height": 6,
				"visible_bounds_offset": [0, 2, 0]
			},
			"bones": [
				{
					"name": "main",
					"pivot": [0, 23, 10]
				},
				{
					"name": "armR_gun",
					"parent": "main",
					"pivot": [-8.3, 12.8, 24.8]
				},
				{
					"name": "gun",
					"parent": "armR_gun",
					"pivot": [1, 11, -1],
					"cubes": [
						{
							"origin": [-1, 13.775, -41],
							"size": [2, 4, 12],
							"inflate": 0.005,
							"uv": {
								"north": {"uv": [12, 151], "uv_size": [2, 4]},
								"east": {"uv": [1, 131], "uv_size": [23, 7]},
								"south": {"uv": [26, 151], "uv_size": [2, 4]},
								"west": {"uv": [1, 131], "uv_size": [23, 7]},
								"up": {"uv": [12, 139], "uv_size": [2, 12]},
								"down": {"uv": [14, 151], "uv_size": [2, -12]}
							}
						},
						{"origin": [-1, 19.275, 15], "size": [2, 6, 16], "uv": [105, 20]},
						{"origin": [-1, 18.275, 15], "size": [2, 1, 4], "uv": [0, 79]},
						{"origin": [-1, 18.275, 19], "size": [2, 1, 2], "inflate": -0.002, "pivot": [0, 18.275, 19], "rotation": [32.5, 0, 0], "uv": [0, 32]},
						{"origin": [-1, 25.275, 15], "size": [2, 2, 4], "uv": [55, 60]},
						{"origin": [-1, 25.275, 19], "size": [2, 2, 8], "inflate": -0.002, "pivot": [0, 27.275, 19], "rotation": [-15, 0, 0], "uv": [66, 73]},
						{"origin": [-1, 13.275, -45], "size": [2, 5, 32], "uv": [0, 72]},
						{"origin": [-1, 16.275, -46], "size": [2, 2, 1], "uv": [14, 32]},
						{"origin": [-0.75, 14.025, -47], "size": [1.5, 1.5, 2], "pivot": [0, 14.775, -45.5], "rotation": [0, 0, -45], "uv": [8, 32]},
						{"origin": [-1.32322, 20.09822, -44.5], "size": [2.5, 1.25, 5], "inflate": -0.002, "pivot": [0.17678, 20.09822, -42], "rotation": [0, 0, 45], "uv": [54, 7]},
						{"origin": [0.64657, 17.79219, -46], "size": [1.35, 1.275, 34.5], "inflate": -0.002, "pivot": [0.99657, 17.79219, -42.5], "rotation": [0, 0, -72.75], "uv": [36, 38]},
						{"origin": [0.99108, 22.36221, -15.5], "size": [2.375, 1.525, 4], "inflate": -0.002, "pivot": [0.99108, 23.87471, -2.25], "rotation": [0, 0, 77.75], "uv": [19, 77]},
						{"origin": [0.99108, 22.33721, -3], "size": [2.375, 1.55, 18], "inflate": -0.002, "pivot": [0.99108, 23.87471, 14.25], "rotation": [0, 0, 77.75], "uv": [103, 0]},
						{"origin": [0.99108, 22.56221, -11.5], "size": [1.375, 1.325, 8.5], "inflate": -0.002, "pivot": [0.99108, 23.87471, 1.75], "rotation": [0, 0, 77.75], "uv": [80, 20]},
						{"origin": [1.99657, 17.79219, -44.5], "size": [1.6, 1.1, 5], "pivot": [0.99657, 17.79219, -42], "rotation": [0, 0, -72.75], "uv": [36, 60]},
						{"origin": [-3.36608, 22.88721, -11.5], "size": [2.375, 1, 8.5], "inflate": -0.002, "pivot": [-0.99108, 23.87471, 1.75], "rotation": [0, 0, -77.75], "uv": [66, 83]},
						{"origin": [-3.36608, 22.33721, -3], "size": [2.375, 1.55, 18], "inflate": -0.002, "pivot": [-0.99108, 23.87471, 14.25], "rotation": [0, 0, -77.75], "uv": [50, 100]},
						{"origin": [-3.36608, 22.36221, -15.5], "size": [2.375, 1.525, 4], "inflate": -0.002, "pivot": [-0.99108, 23.87471, -2.25], "rotation": [0, 0, -77.75], "uv": [49, 73]},
						{"origin": [-1.99657, 17.79219, -46], "size": [1.35, 1.275, 34.5], "inflate": -0.002, "pivot": [-0.99657, 17.79219, -42.5], "rotation": [0, 0, 72.75], "uv": [0, 37]},
						{"origin": [-2, 18.275, -19.5], "size": [4, 4, 8], "pivot": [0, 20.275, -28.5], "rotation": [0, 0, 45], "uv": [72, 35]},
						{"origin": [-2, 18.275, 1], "size": [4, 4, 14], "pivot": [0, 20.275, -28.5], "rotation": [0, 0, 45], "uv": [0, 109]},
						{"origin": [-2, 18.275, -3.1], "size": [4, 4, 4.2], "inflate": -0.1, "pivot": [0, 20.275, -1], "rotation": [0, 0, 45], "uv": [84, 47]},
						{"origin": [-2, 18.275, -11.5], "size": [4, 1, 12.5], "pivot": [0, 20.275, -41], "rotation": [0, 0, 45], "uv": [114, 66]},
						{"origin": [-2, 19.275, -11.5], "size": [1, 3, 12.5], "pivot": [0, 20.275, -41], "rotation": [0, 0, 45], "uv": [39, 14]},
						{"origin": [1, 16.25, 7], "size": [1, 3.3, 3], "uv": [72, 35]},
						{"origin": [-2, 16.25, 7], "size": [1, 3.3, 3], "uv": [0, 0]},
						{"origin": [-1, 16.25, 7], "size": [2, 1, 3], "inflate": -0.002, "pivot": [1, 16.25, 8.5], "rotation": [0, 0, 45], "uv": [56, 67]},
						{"origin": [-1, 17.65, 7], "size": [2, 1, 3], "inflate": -0.002, "pivot": [1, 17.65, 8.5], "rotation": [0, 0, 45], "uv": [46, 67]},
						{"origin": [-1, 17.65, 7], "size": [2, 1, 3], "inflate": -0.002, "pivot": [-1, 17.65, 8.5], "rotation": [0, 0, -45], "uv": [80, 59]},
						{"origin": [-1, 21.875, -15.5], "size": [2, 2, 4], "uv": [39, 7]},
						{"origin": [-1, 23.875, -14], "size": [2, 2, 29], "uv": [72, 35]},
						{"origin": [-1, 26.875, -12], "size": [2, 2, 21], "uv": [66, 73]},
						{"origin": [-4, 25.375, -10], "size": [3, 3, 15], "uv": [105, 42]},
						{"origin": [-7, 25.375, -10], "size": [3, 3, 13], "uv": [36, 37]},
						{"origin": [-7, 17.375, -10], "size": [3, 8, 5], "uv": [80, 0]},
						{"origin": [-6, 15.375, -1.075], "size": [2, 10, 4], "pivot": [-5.5, 25.375, -1.075], "rotation": [17.5, 0, 0], "uv": [36, 84]},
						{"origin": [-6.3, 21.375, -1.3], "size": [2.6, 4.3, 1], "inflate": -0.295, "uv": [46, 0]},
						{"origin": [-6, 21.675, -0.6], "size": [2, 3.7, 1], "inflate": -0.002, "uv": [43, 53]},
						{"origin": [-5.5, 22.375, -2.2], "size": [1, 3, 1], "inflate": -0.002, "pivot": [-5, 25.375, -2.1], "rotation": [-17.5, 0, 0], "uv": [24, 0]},
						{"origin": [-6.3, 24.675, -5.3], "size": [2.6, 1, 4.6], "inflate": -0.295, "uv": [19, 72]},
						{"origin": [-6.3, 21.375, -5.3], "size": [2.6, 1, 4.6], "inflate": -0.295, "uv": [39, 21]},
						{"origin": [-6.3, 21.775, -5.3], "size": [2.6, 3.5, 1], "inflate": -0.295, "uv": [54, 0]},
						{"origin": [-6, 15.375, -10], "size": [2, 2, 5], "uv": [17, 86]},
						{"origin": [-6, 15.375, -10], "size": [2, 2.25, 5], "inflate": -0.002, "pivot": [-6, 15.375, -7.5], "rotation": [0, 0, -26.5], "uv": [48, 84]},
						{"origin": [-7, 25.375, 1], "size": [3.6, 3, 2], "inflate": -0.002, "pivot": [-7, 26.875, 3], "rotation": [0, -33.75, 0], "uv": [80, 13]},
						{"origin": [-1, 25.875, 11], "size": [2, 1, 4], "uv": [72, 66]},
						{"origin": [-1, 26.87, 8.995], "size": [2, 1, 4], "inflate": -0.005, "uv": [72, 59]},
						{"origin": [0.4, 26.475, 8.6], "size": [1, 2.8, 4], "inflate": -0.4, "uv": [24, 37]},
						{"origin": [0.4, 26.475, 11.8], "size": [1, 2.8, 5], "inflate": -0.402, "pivot": [0.9, 28.875, 12.2], "rotation": [-35, 0, 0], "uv": [0, 72]},
						{"origin": [-1.4, 26.475, 11.8], "size": [1, 2.8, 5], "inflate": -0.402, "pivot": [-0.9, 28.875, 12.2], "rotation": [-35, 0, 0], "uv": [36, 53]},
						{"origin": [-1.4, 26.475, 8.6], "size": [1, 2.8, 4], "inflate": -0.4, "uv": [24, 0]},
						{"origin": [1, 26.875, -12], "size": [3, 2, 17], "inflate": -0.002, "pivot": [1, 28.875, 1.5], "rotation": [0, 0, 57.5], "uv": [95, 85]},
						{"origin": [1, 26.95, -33], "size": [3, 1.925, 13], "inflate": -0.002, "pivot": [1, 28.875, -19.5], "rotation": [0, 0, 57.5], "uv": [0, 72]},
						{"origin": [-1, 25.3, -33], "size": [2, 3.575, 13], "uv": [0, 86]},
						{"origin": [-0.75, 26.45, -14.9], "size": [1.25, 1.25, 3], "pivot": [0, 26.95, -8.4], "rotation": [0, 0, 45], "uv": [66, 77]},
						{"origin": [-0.75, 24.05, -16.1], "size": [1.25, 1.25, 3], "pivot": [0, 24.55, -9.6], "rotation": [0, 0, 45], "uv": [66, 73]},
						{"origin": [-0.75, 25.325, -37.5], "size": [1.5, 2.5, 5], "uv": [39, 14]},
						{"origin": [-0.5, 27.8, -36.5], "size": [1, 1.5, 1], "uv": [28, 43]},
						{"origin": [-0.5, 27.7, -36.5], "size": [1, 1.6, 1], "inflate": -0.002, "pivot": [0, 29.3, -35.5], "rotation": [20, 0, 0], "uv": [24, 43]},
						{"origin": [-0.75, 22.327, -37.5], "size": [1.5, 3, 3], "inflate": -0.002, "uv": [0, 37]},
						{"origin": [-1, 16.25, 7], "size": [2, 1, 3], "inflate": -0.002, "pivot": [-1, 16.25, 8.5], "rotation": [0, 0, -45], "uv": [36, 67]},
						{"origin": [-0.75, 20.8, -38], "size": [1.5, 2, 5], "uv": [39, 0]},
						{"origin": [-4, 26.875, -12], "size": [3, 2, 17], "inflate": -0.002, "pivot": [-1, 28.875, 1.5], "rotation": [0, 0, -57.5], "uv": [91, 66]},
						{"origin": [-4, 26.95, -33], "size": [3, 1.925, 13], "inflate": -0.002, "pivot": [-1, 28.875, -19.5], "rotation": [0, 0, -57.5], "uv": [36, 53]},
						{"origin": [-1, 25.875, -13], "size": [2, 1, 19], "uv": [80, 0]},
						{"origin": [-1, 26.075, 5.5], "size": [2, 1, 1.5], "inflate": -0.002, "pivot": [0, 26.575, 6], "rotation": [45, 0, 0], "uv": [26, 32]},
						{"origin": [-1, 22.775, -12], "size": [2, 6.1, 1.225], "inflate": -0.002, "pivot": [-1, 28.875, -12], "rotation": [-35, 0, 0], "uv": [72, 47]},
						{"origin": [-1, 19.275, -50.5], "size": [2, 2, 35], "pivot": [0, 20.275, -28.5], "rotation": [0, 0, 45], "uv": [0, 0]},
						{"origin": [0.43793, 30.26843, -36.9], "size": [1.725, 1, 1.8], "inflate": -0.4, "pivot": [0.83793, 30.66843, -36.4], "rotation": [0, 0, -154.5], "uv": [42, 37]},
						{"origin": [0.1, 28.775, -36.9], "size": [1.65, 1, 1.8], "inflate": -0.4, "pivot": [0.5, 29.175, -36.4], "rotation": [0, 0, -51.5], "uv": [24, 39]},
						{"origin": [0.62914, 29.44022, -36.9], "size": [1.65, 1, 1.8], "inflate": -0.4, "pivot": [1.02914, 29.84022, -36.4], "rotation": [0, 0, -103], "uv": [39, 21]},
						{"origin": [-2.16293, 30.26843, -36.9], "size": [1.725, 1, 1.8], "inflate": -0.4, "pivot": [-0.83793, 30.66843, -36.4], "rotation": [0, 0, 154.5], "uv": [39, 23]},
						{"origin": [-2.27914, 29.44022, -36.9], "size": [1.65, 1, 1.8], "inflate": -0.4, "pivot": [-1.02914, 29.84022, -36.4], "rotation": [0, 0, 103], "uv": [30, 39]},
						{"origin": [-1.75, 28.775, -36.9], "size": [1.65, 1, 1.8], "inflate": -0.4, "pivot": [-0.5, 29.175, -36.4], "rotation": [0, 0, 51.5], "uv": [0, 43]},
						{"origin": [-0.5, 28.9, -36.5], "size": [1, 1.4, 1], "inflate": -0.4, "uv": [39, 9]},
						{"origin": [-1.5, 12.275, -28.025], "size": [3, 3, 15], "uv": [21, 112]},
						{"origin": [-1.5, 11.275, -17.025], "size": [3, 1, 4], "uv": [55, 44]},
						{"origin": [-1.5, 11.275, -21.025], "size": [3, 1, 4], "inflate": -0.002, "pivot": [0, 11.275, -17.025], "rotation": [-15, 0, 0], "uv": [53, 21]},
						{"origin": [-1, 14.275, 31], "size": [2, 11, 2], "uv": [36, 37]},
						{"origin": [-0.5, 15.525, 29.25], "size": [1, 3, 2.2], "pivot": [0, 16.525, 30.25], "rotation": [10, 0, 0], "uv": [53, 14]},
						{"origin": [-0.5, 18.3, 30.15], "size": [1, 1, 1], "inflate": -0.002, "uv": [47, 7]}
					]
				},
				{
					"name": "_cb_suppressor",
					"parent": "gun",
					"pivot": [0, 20.275, -49.5],
					"cubes": [
						{"origin": [-0.5, 19.775, -50], "size": [1, 1, 1], "uv": [30, 2]}
					]
				},
				{
					"name": "_cb_scope",
					"parent": "gun",
					"pivot": [0, 28.875, 3.5],
					"cubes": [
						{"origin": [-0.5, 28.375, 3], "size": [1, 1, 1], "uv": [30, 0]}
					]
				},
				{
					"name": "charging_handle",
					"parent": "gun",
					"pivot": [0.5625, 22.875, -26.4125],
					"cubes": [
						{"origin": [0.75, 22.25, -27.05], "size": [3.25, 1.25, 1.25], "pivot": [1.375, 22.875, -26.425], "rotation": [45, 0, 0], "uv": [0, 6]},
						{"origin": [-0.75, 22.375, -26.8], "size": [1.5, 1, 13], "uv": [39, 0]}
					]
				},
				{
					"name": "bipodR",
					"parent": "gun",
					"pivot": [1, 14.35094, -45.87469],
					"cubes": [
						{"origin": [1, 12.85094, -47.87469], "size": [1, 3, 17], "pivot": [1, 14.35094, -45.87469], "rotation": [-27.83761, 9.05478, -4.26175], "uv": [95, 105]},
						{"origin": [1, 12.85094, -30.87469], "size": [1, 4, 2], "pivot": [1, 14.35094, -45.87469], "rotation": [-27.83761, 9.05478, -4.26175], "uv": [62, 0]}
					]
				},
				{
					"name": "bipodL",
					"parent": "gun",
					"pivot": [-1, 14.35094, -45.87469],
					"cubes": [
						{"origin": [-2, 12.85094, -47.87469], "size": [1, 3, 17], "pivot": [-1, 14.35094, -45.87469], "rotation": [-27.83761, -9.05478, 4.26175], "uv": [75, 97]},
						{"origin": [-2, 12.85094, -30.87469], "size": [1, 4, 2], "pivot": [-1, 14.35094, -45.87469], "rotation": [-27.83761, -9.05478, 4.26175], "uv": [62, 14]}
					]
				},
				{
					"name": "armpiece",
					"parent": "gun",
					"pivot": [0.35, 18.275, -7.25],
					"rotation": [0, 0, 20],
					"cubes": [
						{"origin": [-0.65, 18.275, -11.25], "size": [1, 4, 8], "uv": [72, 47]}
					]
				},
				{
					"name": "glow1",
					"parent": "gun",
					"pivot": [0.425, 29.175, -36.4],
					"cubes": [
						{"origin": [-0.5, 29.3, -36.295], "size": [1, 1, 0.8], "inflate": -0.4, "uv": [29, 6]}
					]
				},
				{
					"name": "rear_sight",
					"parent": "gun",
					"pivot": [0, 27.84625, 10.995],
					"cubes": [
						{"origin": [-1, 28.27, 10.295], "size": [2, 1, 1.4], "inflate": -0.305, "uv": [20, 32]},
						{"origin": [-0.6, 27.395, 10.295], "size": [1.2, 1.5, 1.4], "inflate": -0.305, "uv": [44, 45]},
						{"origin": [0.1, 28.56, 10.195], "size": [1, 1.75, 1.6], "inflate": -0.405, "uv": [46, 16]},
						{"origin": [-0.5755, 28.4938, 10.495], "size": [1.151, 1.225, 1.3], "inflate": -0.45, "uv": [44, 41]},
						{"origin": [-0.6505, 28.8188, 10.495], "size": [1.301, 1, 1.3], "inflate": -0.45, "uv": [44, 39]},
						{"origin": [-0.66104, 28.82312, 10.495], "size": [1, 1.3, 1.3], "inflate": -0.45, "pivot": [-0.2, 29.285, 10.995], "rotation": [0, 0, -35], "uv": [44, 43]},
						{"origin": [-0.4113, 29.05255, 10.495], "size": [1, 1.3, 1.3], "inflate": -0.45, "pivot": [-0.2, 29.285, 10.995], "rotation": [0, 0, 35], "uv": [4, 43]},
						{"origin": [-1.1, 28.56, 10.195], "size": [1, 1.75, 1.6], "inflate": -0.405, "uv": [46, 14]}
					]
				},
				{
					"name": "glow2",
					"parent": "rear_sight",
					"pivot": [0.36151, 29.26031, 10.995],
					"cubes": [
						{"origin": [-0.66104, 28.82312, 10.899], "size": [1, 1.3, 0.9], "inflate": -0.45, "pivot": [-0.2, 29.285, 10.995], "rotation": [0, 0, -35], "uv": [5, 0]},
						{"origin": [-0.6505, 28.8188, 10.899], "size": [1.301, 1, 0.9], "inflate": -0.45, "uv": [5, 1]},
						{"origin": [-0.4113, 29.05255, 10.899], "size": [1, 1.3, 0.9], "inflate": -0.45, "pivot": [-0.2, 29.285, 10.995], "rotation": [0, 0, 35], "uv": [5, 2]}
					]
				},
				{
					"name": "rear_sight_flipped",
					"parent": "gun",
					"pivot": [0, 27.84625, 11.095],
					"rotation": [90, 0, 0],
					"cubes": [
						{"origin": [-1, 28.27, 10.795], "size": [2, 1, 1.4], "inflate": -0.305, "uv": [24, 6]},
						{"origin": [-0.6, 27.395, 10.795], "size": [1.2, 1.5, 1.4], "inflate": -0.305, "uv": [39, 7]},
						{"origin": [0.1, 28.56, 10.695], "size": [1, 1.75, 1.6], "inflate": -0.405, "uv": [30, 37]},
						{"origin": [-0.5755, 28.4938, 10.995], "size": [1.151, 1.225, 1.3], "inflate": -0.45, "uv": [24, 37]},
						{"origin": [-0.6505, 28.8188, 10.995], "size": [1.301, 1, 1.3], "inflate": -0.45, "uv": [31, 33]},
						{"origin": [-0.54632, 28.78695, 10.995], "size": [1, 1.3, 1.3], "inflate": -0.45, "pivot": [-0.2, 29.085, 11.495], "rotation": [0, 0, -35], "uv": [6, 32]},
						{"origin": [-0.45368, 28.78695, 10.995], "size": [1, 1.3, 1.3], "inflate": -0.45, "pivot": [0.2, 29.085, 11.495], "rotation": [0, 0, 35], "uv": [31, 31]},
						{"origin": [-1.1, 28.56, 10.695], "size": [1, 1.75, 1.6], "inflate": -0.405, "uv": [30, 6]}
					]
				},
				{
					"name": "glow3",
					"parent": "rear_sight_flipped",
					"pivot": [0.36151, 29.26031, 11.495],
					"cubes": [
						{"origin": [-0.54632, 28.78695, 11.399], "size": [1, 1.3, 0.9], "inflate": -0.45, "pivot": [-0.2, 29.085, 11.495], "rotation": [0, 0, -35], "uv": [0, 2]},
						{"origin": [-0.6505, 28.8188, 11.399], "size": [1.301, 1, 0.9], "inflate": -0.45, "uv": [0, 1]},
						{"origin": [-0.45368, 28.78695, 11.399], "size": [1, 1.3, 0.9], "inflate": -0.45, "pivot": [0.2, 29.085, 11.495], "rotation": [0, 0, 35], "uv": [0, 0]}
					]
				},
				{
					"name": "rightarm",
					"parent": "armR_gun",
					"pivot": [-9.3, 16.8, 22.8],
					"rotation": [-101.63271, -7.50417, -3.50083],
					"cubes": [
						{"origin": [-13.3, -7.2, 18.8], "size": [8, 24, 8], "uv": [0, 37]}
					]
				},
				{
					"name": "armL_mag",
					"parent": "main",
					"pivot": [0, 14, 8.5]
				},
				{
					"name": "magazine",
					"parent": "armL_mag",
					"pivot": [0, 14, 1.5],
					"cubes": [
						{"origin": [-3, 11, -13], "size": [6, 6, 29], "pivot": [0, 14, 1.5], "rotation": [0, 0, 45], "uv": [39, 0]},
						{"origin": [1.24264, 14, -11], "size": [3, 4, 7], "uv": [36, 73]}
					]
				},
				{
					"name": "belt",
					"parent": "magazine",
					"pivot": [0.0012, 20.74962, -7.5],
					"cubes": [
						{"origin": [0.0012, 19.74962, -10.5], "size": [1, 1, 6], "pivot": [0.0012, 20.74962, -7.5], "rotation": [0, 0, -47.5], "uv": [55, 53]}
					]
				},
				{
					"name": "belt2",
					"parent": "belt",
					"pivot": [1.41407, 20.8113, -7.5],
					"cubes": [
						{"origin": [1.41407, 19.8113, -10.5], "size": [1, 1, 6], "pivot": [1.41407, 20.8113, -7.5], "rotation": [0, 0, -15], "uv": [55, 53]}
					]
				},
				{
					"name": "belt3",
					"parent": "belt2",
					"pivot": [2.63881, 20.1042, -7.5],
					"cubes": [
						{"origin": [2.63881, 19.1042, -10.5], "size": [1, 1, 6], "pivot": [2.63881, 20.1042, -7.5], "rotation": [0, 0, 37.5], "uv": [55, 53]}
					]
				},
				{
					"name": "belt4",
					"parent": "belt3",
					"pivot": [2.8234, 18.70208, -7.5],
					"cubes": [
						{"origin": [2.8234, 17.70208, -10.5], "size": [1, 1, 6], "pivot": [2.8234, 18.70208, -7.5], "rotation": [0, 0, 45], "uv": [55, 53]}
					]
				},
				{
					"name": "leftarm",
					"parent": "armL_mag",
					"pivot": [10.7, 1.7, -3],
					"rotation": [-85.01587, 31.0694, 52.66571],
					"cubes": [
						{"origin": [6.7, -22.3, -7], "size": [8, 24, 8], "uv": [0, 0]}
					]
				},
				{
					"name": "muzzleflash",
					"parent": "main",
					"pivot": [0, 20.275, -50.6],
					"cubes": [
						{"origin": [-0.5, 19.775, -51.1], "size": [1, 1, 1], "inflate": -0.4, "uv": [47, 21]}
					]
				},
				{
					"name": "scope",
					"parent": "main",
					"pivot": [0, 29.8, 18.95],
					"cubes": [
						{"origin": [-0.5, 29.3, 18.45], "size": [1, 1, 1], "inflate": -0.4, "uv": [47, 9]}
					]
				},
				{
					"name": "_camera_",
					"pivot": [10, 33, 34]
				}
			]
		}
	]
}