{
	"format_version": "1.12.0",
	"minecraft:geometry": [
		{
			"description": {
				"identifier": "geometry.unknown",
				"texture_width": 512,
				"texture_height": 512,
				"visible_bounds_width": 10,
				"visible_bounds_height": 5,
				"visible_bounds_offset": [0, 1.5, 0]
			},
			"bones": [
				{
					"name": "main",
					"pivot": [0, 21, 5]
				},
				{
					"name": "leftarm",
					"parent": "main",
					"pivot": [9.7, 5.3, -2.6],
					"rotation": [-88.0716, 29.6009, 52.64],
					"cubes": [
						{"origin": [5.7, -18.7, -6.6], "size": [8, 24, 8], "uv": [0, 0]}
					]
				},
				{
					"name": "armR_gun",
					"parent": "main",
					"pivot": [-6, 14, 22]
				},
				{
					"name": "rightarm",
					"parent": "armR_gun",
					"pivot": [-5.74774, 13.77541, 21.61358],
					"rotation": [-92.9359, -4.75756, 5.23116],
					"cubes": [
						{"origin": [-9.74774, -10.22459, 17.61358], "size": [8, 24, 8], "uv": [0, 35]}
					]
				},
				{
					"name": "gun",
					"parent": "armR_gun",
					"pivot": [1, 11, -1],
					"cubes": [
						{
							"origin": [-1.5, 19.81447, -51.38768],
							"size": [3, 2, 10],
							"inflate": 0.003,
							"uv": {
								"north": {"uv": [0, 196], "uv_size": [0, 0]},
								"east": {"uv": [0, 189], "uv_size": [44, 7]},
								"south": {"uv": [0, 196], "uv_size": [0, 0]},
								"west": {"uv": [0, 189], "uv_size": [44, 7]},
								"up": {"uv": [0, 196], "uv_size": [0, 0]},
								"down": {"uv": [0, 196], "uv_size": [0, 0]}
							}
						},
						{
							"origin": [1.14705, 24.97928, 7.98732],
							"size": [1, 2, 10.25],
							"inflate": 0.003,
							"pivot": [2.14705, 24.47928, 7.98732],
							"rotation": [0, 0, -15],
							"uv": {
								"north": {"uv": [10, 213], "uv_size": [1, 2]},
								"east": {"uv": [0, 213], "uv_size": [10, 2]},
								"south": {"uv": [77, 199], "uv_size": [1, 3]},
								"west": {"uv": [0, 196], "uv_size": [44, 7]},
								"up": {"uv": [10, 203], "uv_size": [1, 10]},
								"down": {"uv": [11, 213], "uv_size": [1, -10]}
							}
						},
						{
							"origin": [-2.14705, 24.72928, -9.01268],
							"size": [1, 3, 13.25],
							"inflate": 0.003,
							"pivot": [-2.14705, 24.47928, 7.98732],
							"rotation": [0, 0, 15],
							"uv": {
								"north": {"uv": [11, 213], "uv_size": [-1, 2]},
								"east": {"uv": [1, 189], "uv_size": [44, 7]},
								"south": {"uv": [56, 200], "uv_size": [0, 3]},
								"west": {"uv": [10, 213], "uv_size": [-10, 2]},
								"up": {"uv": [11, 203], "uv_size": [-1, 10]},
								"down": {"uv": [12, 213], "uv_size": [-1, -10]}
							}
						},
						{"origin": [0.77586, 24.79876, -4.51268], "size": [1, 2, 1], "inflate": 0.003, "pivot": [1.27586, 25.79876, -4.01268], "rotation": [0, 0, -15], "uv": [30, 0]},
						{"origin": [-2, 16.07065, -30.55999], "size": [4, 1, 21], "inflate": -0.005, "pivot": [0, 19.07065, -30.55999], "rotation": [-2.25, 0, 0], "uv": [0, 167]},
						{"origin": [-2, 16.27065, -28.68499], "size": [4, 2.8, 1.5], "inflate": -0.01, "pivot": [0, 19.07065, -28.68499], "rotation": [-44.5, 0, 0], "uv": [48, 41]},
						{"origin": [-2, 16.07584, -28.67465], "size": [4, 3, 19], "uv": [50, 167]},
						{"origin": [-0.75, 15.31536, -2.74022], "size": [1.5, 1, 3], "inflate": -0.2, "pivot": [0, 15.81536, -0.24022], "rotation": [-97.5, 0, 0], "uv": [0, 39]},
						{"origin": [-1.5, 19.06447, 8.36232], "size": [3, 3, 22.125], "uv": [79, 123]},
						{"origin": [-1.5, 26.53947, -14.66268], "size": [3, 1, 34.275], "inflate": -0.153, "uv": [0, 0]},
						{"origin": [-1.5, 27.23947, -34.66268], "size": [3, 1.3, 22.3], "inflate": -0.15, "uv": [151, 135]},
						{"origin": [-1.5, 27.23947, -34.66268], "size": [3, 1.3, 22.4], "inflate": -0.153, "pivot": [0, 28.38947, -34.52518], "rotation": [5.2, 0, 0], "uv": [151, 91]},
						{"origin": [-1.5, 27.23947, -12.66268], "size": [3, 3.3, 25.275], "inflate": -0.15, "uv": [0, 123]},
						{"origin": [-1, 27.23947, 12.33732], "size": [2, 2.3, 4.275], "inflate": -0.15, "uv": [74, 13]},
						{"origin": [-1.5, 26.23112, 11.28585], "size": [3, 4.3, 2.275], "inflate": -0.153, "pivot": [0, 28.88112, 12.92335], "rotation": [35, 0, 0], "uv": [24, 35]},
						{"origin": [-1.5, 28.23947, -23.66268], "size": [3, 1.3, 11.3], "inflate": -0.15, "uv": [60, 75]},
						{"origin": [-1.5, 11.23221, 2.75626], "size": [3, 1.2, 27], "inflate": -0.005, "pivot": [0, 16.23221, 13.25626], "rotation": [17.5, 0, 0], "uv": [94, 0]},
						{"origin": [-1, 13.99468, 25.50082], "size": [2, 2, 2], "inflate": -0.2, "pivot": [0, 14.59468, 26.50082], "rotation": [7.05323, -44.78238, -4.98107], "uv": [0, 0]},
						{"origin": [-1.5, 8.77706, 2.86705], "size": [3, 8, 4], "inflate": -0.003, "pivot": [0, 12.77706, 4.86705], "rotation": [25, 0, 0], "uv": [0, 72]},
						{"origin": [-1, 15.56447, 1.36232], "size": [2, 3, 4], "inflate": -0.003, "uv": [62, 26]},
						{"origin": [-1, 16.88947, 0.81232], "size": [2, 3, 4], "inflate": -0.005, "pivot": [0, 17.23947, 3.56232], "rotation": [30, 0, 0], "uv": [46, 59]},
						{"origin": [-1, 16.18947, -1.16268], "size": [2, 1, 2], "inflate": -0.005, "pivot": [0, 17.23947, 3.56232], "rotation": [30, 0, 0], "uv": [54, 16]},
						{"origin": [-1, 13.91208, -3.97747], "size": [2, 1, 4], "inflate": -0.003, "pivot": [0, 14.41208, 1.32253], "rotation": [-2.5, 0, 0], "uv": [79, 91]},
						{"origin": [-1, 15.73708, -9.02747], "size": [2, 3, 6], "inflate": -0.003, "uv": [128, 123]},
						{"origin": [-1, 15.01743, -5.76573], "size": [2, 1, 3], "inflate": -0.005, "pivot": [0, 16.51743, -4.76573], "rotation": [-35, 0, 0], "uv": [40, 6]},
						{"origin": [-0.998, 13.48153, -5.07845], "size": [2, 1.25, 2], "pivot": [0.002, 14.23153, -2.57845], "rotation": [-55, 0, 0], "uv": [54, 13]},
						{"origin": [-1.5, 19.06447, -82.63768], "size": [3, 3, 88], "uv": [0, 0]},
						{"origin": [-1, 16.06447, -62.63768], "size": [2, 2, 11], "uv": [94, 0]},
						{"origin": [1, 15.26447, -64.63768], "size": [1, 4, 28], "pivot": [1.5, 16.26447, -57.13768], "rotation": [-1.5, 0, 0], "uv": [79, 91]},
						{"origin": [-3.14705, 24.97928, 6.48732], "size": [1, 2, 8], "pivot": [-2.14705, 24.47928, 7.98732], "rotation": [0, 0, 15], "uv": [36, 59]},
						{"origin": [-1.5, 22.06447, -77.33768], "size": [3, 2, 63], "uv": [151, 70]},
						{"origin": [0.5, 22.06447, -81.33768], "size": [1, 2, 4], "uv": [49, 48]},
						{"origin": [0.83223, 23.94355, -81.58768], "size": [1, 2, 4.5], "inflate": -0.25, "pivot": [1.83223, 23.94355, -79.58768], "rotation": [0, 0, -25], "uv": [48, 35]},
						{"origin": [1, 22.06447, -73.33768], "size": [1, 2.1, 7], "uv": [128, 28]},
						{"origin": [1, 24.06447, -73.33768], "size": [1, 2.1, 7], "pivot": [1, 24.06447, -69.83768], "rotation": [0, 0, -25], "uv": [127, 18]},
						{"origin": [1, 24.06447, -61.33768], "size": [1, 2.1, 7], "pivot": [1, 24.06447, -57.83768], "rotation": [0, 0, -25], "uv": [126, 54]},
						{"origin": [1, 22.06447, -61.33768], "size": [1, 2.1, 7], "uv": [127, 0]},
						{"origin": [1, 24.06447, -49.33768], "size": [1, 2.1, 7], "pivot": [1, 24.06447, -45.83768], "rotation": [0, 0, -25], "uv": [107, 123]},
						{"origin": [1, 22.06447, -49.33768], "size": [1, 2.1, 7], "uv": [9, 125]},
						{"origin": [1, 24.06447, -37.33768], "size": [1, 2.1, 7], "pivot": [1, 24.06447, -33.83768], "rotation": [0, 0, -25], "uv": [122, 103]},
						{"origin": [1, 22.06447, -37.33768], "size": [1, 2.1, 7], "uv": [0, 123]},
						{"origin": [1, 24.06447, -25.33768], "size": [1, 2.1, 7], "pivot": [1, 24.06447, -21.83768], "rotation": [0, 0, -25], "uv": [48, 72]},
						{"origin": [1, 22.06447, -25.33768], "size": [1, 2.1, 7], "uv": [94, 70]},
						{"origin": [-1, 22.16447, -82.33768], "size": [2, 2, 68], "uv": [79, 91]},
						{"origin": [-1, 25.06447, -81.36268], "size": [2, 2, 68], "uv": [94, 0]},
						{"origin": [0.75, 20.31447, -82.88768], "size": [1, 2, 2.5], "inflate": -0.253, "pivot": [1.25, 22.06447, -82.63768], "rotation": [45, 0, 0], "uv": [36, 59]},
						{"origin": [-1.75, 20.31447, -82.88768], "size": [1, 2, 2.5], "inflate": -0.253, "pivot": [-1.25, 22.06447, -82.63768], "rotation": [45, 0, 0], "uv": [36, 48]},
						{"origin": [0.77586, 21.6598, -14.51268], "size": [1, 3, 12], "pivot": [1.27586, 23.1598, 7.98732], "rotation": [0, 0, 15], "uv": [79, 91]},
						{"origin": [0.77586, 21.6598, 7.48732], "size": [1, 3, 23], "pivot": [1.27586, 23.1598, 29.98732], "rotation": [0, 0, 15], "uv": [40, 0]},
						{"origin": [1.14705, 24.47928, -14.51268], "size": [1, 3, 12], "pivot": [2.14705, 24.47928, 7.98732], "rotation": [0, 0, -15], "uv": [0, 91]},
						{"origin": [1.14705, 24.47928, 7.48732], "size": [1, 3, 12], "pivot": [2.14705, 24.47928, 7.98732], "rotation": [0, 0, -15], "uv": [34, 72]},
						{"origin": [1.14705, 24.47928, 19.48732], "size": [1, 1, 11], "pivot": [2.14705, 24.47928, 19.48732], "rotation": [0, 0, -15], "uv": [109, 91]},
						{"origin": [1.14705, 25.47928, 19.48732], "size": [1, 1, 5], "pivot": [2.14705, 24.47928, 19.48732], "rotation": [0, 0, -15], "uv": [74, 65]},
						{"origin": [1.14705, 25.47928, 23.98732], "size": [1, 1, 1], "inflate": -0.003, "pivot": [2.14705, 24.47928, 19.48732], "rotation": [0, 0, -15], "uv": [42, 35]},
						{"origin": [0.37059, 26.37706, 19.48732], "size": [1, 1, 11.175], "inflate": -0.003, "pivot": [1.37059, 27.37706, 19.48732], "rotation": [-10.3, 0, -15], "uv": [79, 106]},
						{"origin": [-0.5, 17.56447, 30.46232], "size": [1, 1, 2], "pivot": [0, 18.06447, 31.46232], "rotation": [0, 0, 45], "uv": [63, 59]},
						{"origin": [-1.7, 23.06447, 29.48732], "size": [3.4, 2.325, 1], "inflate": 0.003, "uv": [40, 18]},
						{"origin": [-1.2, 22.06447, -14.51268], "size": [2.4, 3.325, 12], "inflate": -0.003, "uv": [58, 60]},
						{"origin": [-0.9, 25.38947, -14.51268], "size": [1.8, 1.3, 12], "inflate": -0.003, "uv": [94, 13]},
						{"origin": [-0.9, 25.38947, 7.48732], "size": [1.8, 1.3, 1], "inflate": 0.003, "uv": [28, 41]},
						{"origin": [-1.2, 22.06447, 7.48732], "size": [2.4, 3.325, 1], "inflate": 0.003, "uv": [54, 59]},
						{"origin": [-1.5, 22.06447, 29.48732], "size": [3, 1, 1], "inflate": 0.003, "uv": [8, 32]},
						{"origin": [-1.5, 19.56447, 31.51232], "size": [3, 2, 3.25], "uv": [14, 91]},
						{"origin": [-1.5, 16.78941, 31.69421], "size": [3, 3, 3.25], "inflate": -0.003, "pivot": [0, 18.28941, 33.31921], "rotation": [7.5, 0, 0], "uv": [76, 39]},
						{"origin": [-1.5, 21.1772, 31.79846], "size": [3, 3.25, 3.25], "inflate": -0.003, "pivot": [0, 22.6772, 33.42346], "rotation": [-12.5, 0, 0], "uv": [76, 26]},
						{"origin": [-1.5, 17.06447, 14.36232], "size": [3, 2, 16.125], "uv": [94, 70]},
						{"origin": [-1.5, 16.06447, 14.36232], "size": [3, 1, 14.125], "uv": [0, 72]},
						{"origin": [-1.5, 16.43947, 27.48732], "size": [3, 1, 3], "inflate": -0.003, "uv": [93, 91]},
						{"origin": [-1.5, 15.06447, 14.36232], "size": [3, 1, 11.125], "uv": [94, 54]},
						{"origin": [-1.5, 13.06447, 14.36232], "size": [3, 1, 5.125], "uv": [65, 52]},
						{"origin": [-1.5, 12.06447, 14.36232], "size": [3, 1, 2.125], "uv": [52, 0]},
						{"origin": [-1.5, 14.06447, 14.36232], "size": [3, 1, 8.125], "uv": [40, 13]},
						{"origin": [-1.5, 20.06447, 5.36232], "size": [3, 2, 3], "uv": [0, 91]},
						{"origin": [-1.5, 20.06447, 3.93732], "size": [3, 1, 2], "inflate": -0.003, "pivot": [0, 21.06447, 6.33732], "rotation": [45, 0, 0], "uv": [52, 3]},
						{"origin": [-1.5, 20.46863, 6.95227], "size": [3, 2, 1], "inflate": -0.003, "pivot": [0, 21.46863, 9.35227], "rotation": [45, 0, 0], "uv": [52, 6]},
						{"origin": [-2.14705, 24.47928, -14.51268], "size": [1, 3, 34], "pivot": [-2.14705, 24.47928, 7.98732], "rotation": [0, 0, 15], "uv": [0, 35]},
						{"origin": [-1.5, 18.06447, -17.63768], "size": [3, 1, 23], "uv": [36, 35]},
						{"origin": [-1.5, 18.61447, -82.63768], "size": [3, 3, 73], "inflate": -0.003, "pivot": [0, 18.61447, -82.63768], "rotation": [-2.25, 0, 0], "uv": [0, 91]},
						{"origin": [-2.14705, 25.47928, 23.98732], "size": [1, 1, 1], "inflate": -0.003, "pivot": [-2.14705, 24.47928, 19.48732], "rotation": [0, 0, 15], "uv": [42, 37]},
						{"origin": [-2.14705, 24.47928, 19.48732], "size": [1, 1, 11], "pivot": [-2.14705, 24.47928, 19.48732], "rotation": [0, 0, 15], "uv": [0, 106]},
						{"origin": [-2.14705, 25.47928, 19.48732], "size": [1, 1, 5], "pivot": [-2.14705, 24.47928, 19.48732], "rotation": [0, 0, 15], "uv": [74, 59]},
						{"origin": [-1.37059, 26.37706, 19.48732], "size": [1, 1, 11.175], "inflate": -0.003, "pivot": [-1.37059, 27.37706, 19.48732], "rotation": [-10.3, 0, 15], "uv": [109, 103]},
						{"origin": [-1.3, 26.38947, 19.48732], "size": [1, 1, 11.175], "inflate": -0.003, "pivot": [0, 27.38947, 19.47482], "rotation": [-10.31383, -2.95161, 0.53688], "uv": [94, 28]},
						{"origin": [-1.3, 26.38947, 19.48732], "size": [2.6, 1, 11.125], "pivot": [0, 27.38947, 19.47482], "rotation": [-10.3, 0, 0], "uv": [20, 72]},
						{"origin": [0.3, 26.38947, 19.48732], "size": [1, 1, 11.175], "inflate": -0.003, "pivot": [0, 27.38947, 19.47482], "rotation": [-10.31383, 2.95161, -0.53688], "uv": [94, 40]},
						{"origin": [-1.77586, 21.6598, -14.51268], "size": [1, 3, 45], "pivot": [-1.27586, 23.1598, 7.98732], "rotation": [0, 0, -15], "uv": [107, 161]},
						{"origin": [-1.5, 15.7485, -9.69396], "size": [3, 3, 1], "inflate": -0.003, "uv": [0, 35]},
						{"origin": [-0.5, 21.56447, 30.46232], "size": [1, 1, 2], "pivot": [0, 22.06447, 31.46232], "rotation": [0, 0, -45], "uv": [36, 63]},
						{"origin": [-2, 24.06447, -25.33768], "size": [1, 2.1, 7], "pivot": [-1, 24.06447, -21.83768], "rotation": [0, 0, 25], "uv": [128, 37]},
						{"origin": [-1.5, 22.06447, -81.33768], "size": [1, 2, 4], "uv": [40, 0]},
						{"origin": [-1.83223, 23.94355, -81.58768], "size": [1, 2, 4.5], "inflate": -0.25, "pivot": [-1.83223, 23.94355, -79.58768], "rotation": [0, 0, 25], "uv": [36, 35]},
						{"origin": [-2, 22.06447, -25.33768], "size": [1, 2.1, 7], "uv": [127, 9]},
						{"origin": [-2, 22.06447, -73.33768], "size": [1, 2.1, 7], "uv": [125, 72]},
						{"origin": [-2, 24.06447, -73.33768], "size": [1, 2.1, 7], "pivot": [-1, 24.06447, -69.83768], "rotation": [0, 0, 25], "uv": [53, 125]},
						{"origin": [-2, 22.06447, -61.33768], "size": [1, 2.1, 7], "uv": [79, 123]},
						{"origin": [-2, 24.06447, -61.33768], "size": [1, 2.1, 7], "pivot": [-1, 24.06447, -57.83768], "rotation": [0, 0, 25], "uv": [31, 123]},
						{"origin": [-2, 22.06447, -49.33768], "size": [1, 2.1, 7], "uv": [122, 91]},
						{"origin": [-2, 24.06447, -49.33768], "size": [1, 2.1, 7], "pivot": [-1, 24.06447, -45.83768], "rotation": [0, 0, 25], "uv": [116, 70]},
						{"origin": [-2, 22.06447, -37.33768], "size": [1, 2.1, 7], "uv": [65, 13]},
						{"origin": [-2, 24.06447, -37.33768], "size": [1, 2.1, 7], "pivot": [-1, 24.06447, -33.83768], "rotation": [0, 0, 25], "uv": [54, 59]},
						{"origin": [-2, 15.26447, -64.63768], "size": [1, 4, 28], "pivot": [-1.5, 16.26447, -57.13768], "rotation": [-1.5, 0, 0], "uv": [0, 91]}
					]
				},
				{
					"name": "magDoor",
					"parent": "gun",
					"pivot": [1.17586, 24.47928, 2.48732],
					"cubes": [
						{"origin": [0.67586, 24.29876, -2.51268], "size": [1, 3, 10], "pivot": [1.17586, 25.79876, 2.48732], "rotation": [0, 0, -15], "uv": [40, 0]},
						{"origin": [0.67586, 21.6598, -2.51268], "size": [1, 3, 10], "pivot": [1.17586, 23.1598, 2.48732], "rotation": [0, 0, 15], "uv": [36, 35]}
					]
				},
				{
					"name": "magazinePort1",
					"parent": "gun",
					"pivot": [-0.6, 24.4, 2.5],
					"cubes": [
						{"origin": [-1.1, 22.4, -2.125], "size": [1, 4, 9.25], "inflate": 0.1, "uv": [52, 91]}
					]
				},
				{
					"name": "magazineDoor1",
					"parent": "magazinePort1",
					"pivot": [-0.05, 22.3, 2.5],
					"cubes": [
						{"origin": [0.1, 22.4, -2.125], "size": [1, 4, 9.25], "inflate": 0.1, "uv": [65, 26]}
					]
				},
				{
					"name": "magazinePort2",
					"parent": "magazinePort1",
					"pivot": [-0.05, 24.4, 2.5],
					"cubes": [
						{"origin": [-1.05, 22.4, -2.125], "size": [1, 4, 9.25], "inflate": 0.05, "uv": [30, 91]}
					]
				},
				{
					"name": "magazinePort3",
					"parent": "magazinePort2",
					"pivot": [0, 22.35, 2.5],
					"cubes": [
						{"origin": [0.05, 22.4, -2.125], "size": [1, 4, 9.25], "inflate": 0.05, "uv": [65, 39]}
					]
				},
				{
					"name": "magazine",
					"parent": "magazinePort3",
					"pivot": [0, 22.4, 2.5],
					"cubes": [
						{"origin": [-1, 22.4, -2.125], "size": [2, 4, 9.25], "uv": [65, 0]}
					]
				},
				{
					"name": "glow",
					"parent": "gun",
					"pivot": [0, 33.68947, 12.11232],
					"cubes": [
						{
							"origin": [1.14705, 24.97928, -8.51868],
							"size": [1, 2, 4],
							"inflate": 0.003,
							"pivot": [2.14705, 24.47928, 7.98132],
							"rotation": [0, 0, -15],
							"uv": {
								"north": {"uv": [77, 203], "uv_size": [1, 2]},
								"east": {"uv": [56, 204], "uv_size": [0, 0]},
								"south": {"uv": [82, 203], "uv_size": [1, 2]},
								"west": {"uv": [87, 190], "uv_size": [16, 9]},
								"up": {"uv": [54, 200], "uv_size": [0, 4]},
								"down": {"uv": [78, 203], "uv_size": [1, -4]}
							}
						},
						{
							"origin": [2.15072, 24.97716, -8.52168],
							"size": [0, 2, 4],
							"pivot": [2.15072, 24.47716, 7.97832],
							"rotation": [0, 0, -15],
							"uv": {
								"north": {"uv": [50, 200], "uv_size": [0, 2]},
								"east": {"uv": [51, 202], "uv_size": [2, 2]},
								"south": {"uv": [50, 200], "uv_size": [0, 2]},
								"west": {"uv": [48, 190], "uv_size": [17, 9]},
								"up": {"uv": [50, 200], "uv_size": [0, 4]},
								"down": {"uv": [50, 204], "uv_size": [0, -4]}
							}
						}
					]
				},
				{
					"name": "sniperscope",
					"parent": "gun",
					"pivot": [0, 23.91447, -106.63768],
					"cubes": [
						{"origin": [-2.5, 30.38947, -12.66268], "size": [5, 2.3, 24.275], "uv": [94, 28]},
						{"origin": [-2.5, 32.68947, -12.66268], "size": [1, 2.5, 22.275], "pivot": [-2.5, 32.68947, -0.52518], "rotation": [0, 0, 37], "uv": [154, 161]},
						{"origin": [-2.5, 33.43947, -19.66268], "size": [1, 1, 7], "inflate": -0.005, "pivot": [-2.5, 32.68947, -20.52518], "rotation": [0, 0, 37], "uv": [131, 93]},
						{"origin": [-1.89818, 32.4881, -32.66268], "size": [1, 1, 20.075], "inflate": -0.003, "pivot": [-1.89818, 33.4881, -32.65018], "rotation": [4.3, 0, 37], "uv": [180, 161]},
						{"origin": [-1.89818, 32.4881, -32.66268], "size": [1, 1, 20], "pivot": [-1.89818, 33.4881, -32.65018], "rotation": [0, 0, 37], "uv": [96, 167]},
						{"origin": [-2.5, 30.38947, -32.66268], "size": [1, 2.3, 20], "uv": [30, 91]},
						{"origin": [-1, 32.68947, -12.66268], "size": [2, 2, 22.275], "uv": [166, 24]},
						{"origin": [-1, 34.68947, -6.66268], "size": [2, 1, 4.275], "uv": [76, 52]},
						{"origin": [-1, 33.68947, -6.66268], "size": [2, 2, 1], "inflate": -0.003, "pivot": [0, 35.68947, -6.66268], "rotation": [-60, 0, 0], "uv": [36, 52]},
						{"origin": [-1, 31.68947, -3.38768], "size": [2, 4, 1], "inflate": -0.003, "pivot": [0, 35.68947, -2.38768], "rotation": [75, 0, 0], "uv": [40, 13]},
						{"origin": [-2.5, 32.68947, 9.61232], "size": [5, 2, 5], "uv": [40, 26]},
						{"origin": [-2.5, 31.68947, 11.61232], "size": [5, 1, 3], "uv": [94, 79]},
						{"origin": [-2.5, 30.68947, 11.61232], "size": [3, 1, 3], "uv": [57, 75]},
						{"origin": [1.5, 32.68947, -12.66268], "size": [1, 2.5, 22.275], "pivot": [2.5, 32.68947, -0.52518], "rotation": [0, 0, -37], "uv": [167, 0]},
						{"origin": [0.89818, 32.4881, -32.66268], "size": [1, 1, 20], "pivot": [1.89818, 33.4881, -32.65018], "rotation": [0, 0, -37], "uv": [182, 182]},
						{"origin": [0.89818, 32.4881, -32.66268], "size": [1, 1, 20.075], "inflate": -0.003, "pivot": [1.89818, 33.4881, -32.65018], "rotation": [4.3, 0, -37], "uv": [179, 135]},
						{"origin": [1.5, 33.43947, -19.66268], "size": [1, 1, 7], "inflate": -0.005, "pivot": [2.5, 32.68947, -20.52518], "rotation": [0, 0, -37], "uv": [53, 26]},
						{"origin": [-1.5, 31.13947, -17.91268], "size": [3, 2, 7.275], "uv": [36, 48]},
						{"origin": [1.5, 30.38947, -32.66268], "size": [1, 2.3, 20], "uv": [31, 123]},
						{
							"origin": [1.5, 30.51447, -0.63768],
							"size": [1, 2, 10.25],
							"inflate": 0.003,
							"uv": {
								"north": {"uv": [0, 196], "uv_size": [0, 0]},
								"east": {"uv": [0, 196], "uv_size": [0, 0]},
								"south": {"uv": [0, 196], "uv_size": [0, 0]},
								"west": {"uv": [0, 189], "uv_size": [44, 7]},
								"up": {"uv": [0, 196], "uv_size": [0, 0]},
								"down": {"uv": [0, 196], "uv_size": [0, 0]}
							}
						}
					]
				},
				{
					"name": "glow2",
					"parent": "sniperscope",
					"pivot": [0, 33.68947, 12.11232],
					"cubes": [
						{
							"origin": [-2, 32.18947, 14.639],
							"size": [4, 2, 0],
							"uv": {
								"north": {"uv": [61, 204], "uv_size": [4, 2]},
								"east": {"uv": [61, 200], "uv_size": [1, 2]},
								"south": {"uv": [68, 190], "uv_size": [17, 9]},
								"west": {"uv": [65, 200], "uv_size": [-1, 2]},
								"up": {"uv": [63, 0], "uv_size": [2, 0]},
								"down": {"uv": [65, 205], "uv_size": [1, -2]}
							}
						},
						{
							"origin": [-2, 32.18947, 13.614],
							"size": [4, 2, 1],
							"uv": {
								"north": {"uv": [73, 203], "uv_size": [4, 2]},
								"east": {"uv": [60, 203], "uv_size": [1, 2]},
								"south": {"uv": [87, 190], "uv_size": [16, 9]},
								"west": {"uv": [77, 203], "uv_size": [1, 2]},
								"up": {"uv": [73, 202], "uv_size": [4, 1]},
								"down": {"uv": [77, 203], "uv_size": [4, -1]}
							}
						}
					]
				},
				{
					"name": "antenna",
					"parent": "sniperscope",
					"pivot": [-3, 31.52859, 6.55416],
					"rotation": [-37.5, 0, 0],
					"cubes": [
						{"origin": [-3.5, 30.37859, -11.68334], "size": [1, 2.3, 19.275], "uv": [107, 123]}
					]
				},
				{
					"name": "wire1",
					"parent": "sniperscope",
					"pivot": [0.35355, 31.18236, 12.11232],
					"rotation": [-18.33702, -13.95167, 14.58439],
					"cubes": [
						{"origin": [0.22759, 28.70215, 10.0157], "size": [3.1, 1, 1], "inflate": -0.2, "pivot": [3.12759, 28.90215, 10.5157], "rotation": [-33.73499, -9.93191, -14.48174], "uv": [24, 6]},
						{"origin": [2.66569, 28.49607, 10.43157], "size": [1, 1.2, 1], "inflate": -0.2, "pivot": [3.46569, 29.49607, 10.93157], "rotation": [-32.39936, 14.02846, 20.9057], "uv": [40, 2]},
						{"origin": [0.41213, 33.56985, 11.63608], "size": [2.2, 1, 1], "inflate": -0.2, "pivot": [0.31213, 31.21629, 12.13608], "rotation": [0, 35, 90], "uv": [16, 32]},
						{"origin": [1.73701, 32.4222, 11.61928], "size": [1.2, 1, 1], "inflate": -0.2, "pivot": [0.32426, 31.1923, 12.11928], "rotation": [-26.341, 23.92746, 39.32269], "uv": [24, 41]},
						{"origin": [0, 30.68947, 11.61232], "size": [3.1, 1, 1], "inflate": -0.2, "pivot": [0.35355, 31.18236, 12.11232], "rotation": [-35, 0, 0], "uv": [0, 32]}
					]
				},
				{
					"name": "wire2",
					"parent": "sniperscope",
					"pivot": [-1.9, 30.83354, 13.57635],
					"cubes": [
						{"origin": [-2.4, 30.3917, 18.00941], "size": [1, 3.75, 1], "inflate": -0.2, "pivot": [-1.9, 30.83354, 13.57635], "rotation": [-79.82297, -5.88287, 3.2242], "uv": [24, 0]},
						{"origin": [-2.4, 30.44322, 18.85988], "size": [1, 1.75, 1], "inflate": -0.2, "pivot": [-1.9, 30.83354, 13.57635], "rotation": [-47.32297, -5.88287, 3.2242], "uv": [22, 32]},
						{"origin": [-2.4, 26.71871, 17.57514], "size": [1, 1.75, 1], "inflate": -0.2, "pivot": [-1.9, 30.83354, 13.57635], "rotation": [2.67703, -5.88287, 3.2242], "uv": [26, 32]},
						{"origin": [-2.4, 25.58417, 14.8038], "size": [1, 1.25, 1], "inflate": -0.2, "pivot": [-1.9, 30.83354, 13.57635], "rotation": [42.67703, -5.88287, 3.2242], "uv": [30, 32]},
						{"origin": [-2.4, 26.11342, 11.63016], "size": [1, 4, 1], "inflate": -0.2, "pivot": [-1.9, 30.83354, 13.57635], "rotation": [82.67703, -5.88287, 3.2242], "uv": [40, 26]},
						{"origin": [-2.4, 28.74817, 12.79223], "size": [1, 2, 1], "inflate": -0.2, "pivot": [-1.9, 30.83354, 13.57635], "rotation": [37.67703, -5.88287, 3.2242], "uv": [36, 35]},
						{"origin": [-2.4, 30.03947, 13.11232], "size": [1, 1, 1], "inflate": -0.2, "pivot": [-1.9, 30.83354, 13.57635], "rotation": [-2.32297, -5.88287, 3.2242], "uv": [40, 0]}
					]
				},
				{
					"name": "muzzleflash",
					"parent": "gun",
					"pivot": [0, 23.15, -82.35],
					"cubes": [
						{"origin": [-0.5, 22.65, -82.835], "size": [1, 1, 1], "inflate": -0.4, "uv": [46, 0]}
					]
				},
				{
					"name": "scope",
					"parent": "gun",
					"pivot": [10.5, 34, 29],
					"cubes": [
						{"origin": [10, 33.5, 28.5], "size": [1, 1, 1], "inflate": -0.4, "uv": [46, 0]}
					]
				},
				{
					"name": "_cb_suppressor",
					"parent": "gun",
					"pivot": [0, 22.175, -81.325],
					"cubes": [
						{"origin": [-0.5, 22.675, -82.325], "size": [1, 1, 1], "uv": [2, 1]}
					]
				},
				{
					"name": "_camera_",
					"pivot": [10.5, 34, 29]
				}
			]
		}
	]
}