{
	"format_version": "1.12.0",
	"minecraft:geometry": [
		{
			"description": {
				"identifier": "geometry.unknown",
				"texture_width": 256,
				"texture_height": 256,
				"visible_bounds_width": 8,
				"visible_bounds_height": 5,
				"visible_bounds_offset": [0, 1.5, 0]
			},
			"bones": [
				{
					"name": "main",
					"pivot": [0, 20, 0]
				},
				{
					"name": "armR_gun",
					"parent": "main",
					"pivot": [-8.3, 12.8, 24.8]
				},
				{
					"name": "gun",
					"parent": "armR_gun",
					"pivot": [1, 11, -1],
					"cubes": [
						{"origin": [-2, 13.7034, 6.67467], "size": [4, 10, 5], "inflate": 0.01, "pivot": [0, 18.7034, 9.17467], "rotation": [27.5, 0, 0], "uv": [86, 112]},
						{"origin": [-2, 22, -2], "size": [4, 6, 10], "uv": [48, 0]},
						{"origin": [-1, 20.05, 4.5], "size": [2, 3.25, 1], "pivot": [0, 22.55, 7.5], "rotation": [27.5, 0, 0], "uv": [6, 20]},
						{"origin": [-0.5, 18.99449, 3.1865], "size": [1, 3.25, 1], "pivot": [0, 20.61949, 3.6865], "rotation": [-7.5, 0, 0], "uv": [0, 20]},
						{"origin": [-1, 21.8, -1], "size": [2, 1, 6], "uv": [40, 75]},
						{"origin": [-2, 25, 8], "size": [4, 3, 8], "inflate": 0.001, "uv": [48, 16]},
						{"origin": [-3.1, 25.25, 11], "size": [6.2, 2.25, 4.975], "uv": [79, 98]},
						{"origin": [-1.4125, 26.19231, -28.15], "size": [2.825, 2.825, 44.15], "pivot": [0, 27.60481, -6.075], "rotation": [0, 0, 45], "uv": [0, 0]},
						{"origin": [-1.4125, 28.26731, -22.15], "size": [2.825, 2, 28.15], "uv": [48, 0]},
						{"origin": [-2.0125, 30.26731, -27.15], "size": [4, 2, 27.15], "uv": [40, 46]},
						{"origin": [-2.0125, 29.26731, -25.15], "size": [4, 2, 2], "inflate": -0.001, "pivot": [-0.0125, 30.26731, -24.15], "rotation": [-45, 0, 0], "uv": [55, 46]},
						{
							"origin": [-2.05, 22.21731, -35.15],
							"size": [4.1, 5.3, 2],
							"pivot": [0, 26.26731, -34.15],
							"rotation": [-10, 0, 0],
							"uv": {
								"north": {"uv": [2, 2], "uv_size": [3, 7]},
								"east": {"uv": [0, 2], "uv_size": [2, 7]},
								"south": {"uv": [7, 2], "uv_size": [3, 7]},
								"west": {"uv": [5, 2], "uv_size": [2, 7]},
								"up": {"uv": [2, 0], "uv_size": [3, 2]},
								"down": {"uv": [5, 2], "uv_size": [3, -2]}
							}
						},
						{
							"origin": [-1.35, 27.51731, -35.15],
							"size": [2.7, 2, 2],
							"pivot": [0, 26.26731, -34.15],
							"rotation": [-10, 0, 0],
							"uv": {
								"north": {"uv": [2, 2], "uv_size": [3, 7]},
								"east": {"uv": [0, 2], "uv_size": [2, 7]},
								"south": {"uv": [7, 2], "uv_size": [3, 7]},
								"west": {"uv": [5, 2], "uv_size": [2, 7]},
								"up": {"uv": [2, 0], "uv_size": [3, 2]},
								"down": {"uv": [5, 2], "uv_size": [3, -2]}
							}
						},
						{"origin": [-0.5125, 24.76731, -43.15], "size": [1, 3, 1], "uv": [0, 26]},
						{"origin": [-1.4125, 29.8531, -1], "size": [2.825, 2, 2.825], "inflate": -0.001, "pivot": [-0.0125, 30.8531, 0], "rotation": [-45, 0, 0], "uv": [48, 30]},
						{"origin": [-2.0125, 28.86731, -24.15], "size": [4, 2, 2], "inflate": -0.0005, "uv": [0, 9]},
						{"origin": [-2, 25.5, 7.75], "size": [4, 1.25, 3], "inflate": -0.001, "pivot": [0, 25, 11.5], "rotation": [27.5, 0, 0], "uv": [0, 54]},
						{"origin": [-2, 21, -15.15], "size": [4, 7, 13.15], "uv": [0, 0]},
						{"origin": [-2, 22.6, -18.15], "size": [4, 5.4, 3], "uv": [71, 32]},
						{"origin": [-2, 21.52581, -17.34465], "size": [4, 1.5, 2.75], "inflate": -0.001, "pivot": [0, 22.02581, -15.59465], "rotation": [-40, 0, 0], "uv": [26, 41]},
						{"origin": [-2, 20, -12.15], "size": [4, 1, 6], "uv": [40, 61]},
						{"origin": [-2, 19.775, -12.1], "size": [4, 1, 6], "inflate": -0.001, "pivot": [0, 20.275, -9.525], "rotation": [-5, 0, 0], "uv": [19, 34]},
						{"origin": [-2, 15.9, -5.55], "size": [4, 2.1, 4.425], "uv": [89, 15]},
						{"origin": [-1, 15.9, -2.15], "size": [2, 2.1, 2.375], "uv": [48, 34]},
						{"origin": [-1, 14.9, -2.15], "size": [2, 1, 2.375], "uv": [21, 5]},
						{"origin": [-1.4, 13.71339, -2.82499], "size": [2.8, 2.425, 1.875], "inflate": -0.4, "pivot": [0, 14.92589, -1.76249], "rotation": [-17.5, 0, 0], "uv": [6, 26]},
						{"origin": [-2, 16, -7.15], "size": [4, 5, 4.15], "inflate": -0.001, "pivot": [0, 20.5, -6.075], "rotation": [20, 0, 0], "uv": [75, 61]},
						{"origin": [-2.5, 19.475, -3], "size": [1, 3.525, 1.25], "pivot": [0, 20.5, -6.075], "rotation": [20, 0, 0], "uv": [34, 17]},
						{"origin": [1.5, 19.475, -3], "size": [1, 6.525, 1.25], "pivot": [0, 20.5, -6.075], "rotation": [20, 0, 0], "uv": [0, 34]},
						{"origin": [-2.75, 24.475, -2.5], "size": [1, 1.525, 1], "pivot": [-2.25, 25.2375, -2], "rotation": [0, -15, 0], "uv": [8, 0]},
						{"origin": [-2, 14.475, -3], "size": [4, 5, 1.25], "inflate": 0.001, "pivot": [0, 20.5, -6.075], "rotation": [20, 0, 0], "uv": [34, 11]},
						{"origin": [-2.5, 25.89755, -17.14194], "size": [5, 1.25, 13.25], "uv": [0, 20]},
						{"origin": [-1, 16, -2], "size": [2, 5, 1], "pivot": [0, 20.5, -6.075], "rotation": [20, 0, 0], "uv": [23, 20]},
						{"origin": [-1, 15.99629, -1.37892], "size": [2, 1, 6.8], "pivot": [0, 20.49629, -0.30392], "rotation": [20, 0, 0], "uv": [56, 75]},
						{"origin": [-1, 16.86651, 0.01931], "size": [2, 1, 1.65], "pivot": [0, 17.36651, 0.59431], "rotation": [-20, 0, 0], "uv": [8, 46]},
						{"origin": [-1, 21.36651, -1.48069], "size": [2, 1, 1.25], "pivot": [0, 21.86651, -0.90569], "rotation": [50, 0, 0], "uv": [0, 46]},
						{"origin": [-2, 21.54151, -2.73069], "size": [4, 1.075, 2.25], "inflate": -0.001, "pivot": [0, 22.11651, -1.15569], "rotation": [37.5, 0, 0], "uv": [48, 41]},
						{"origin": [-1, 23.3, -54.15], "size": [2, 2, 36], "pivot": [0, 24.3, -18.05], "rotation": [0, 0, -45], "uv": [0, 46]},
						{"origin": [-0.75, 27.05, -44.15], "size": [1.5, 1.5, 26], "pivot": [0, 27.8, -18.05], "rotation": [0, 0, -45], "uv": [0, 84]},
						{"origin": [1.25, 22.9, -43.15], "size": [1.1, 5.1, 25], "pivot": [1.75, 28, -30.65], "rotation": [0, 0, -10], "uv": [83, 5]},
						{
							"origin": [-3.32229, 20.97594, -43.152],
							"size": [1.1, 2.25, 25],
							"inflate": -0.002,
							"pivot": [-3.10581, 23.26329, -43.152],
							"rotation": [0, 0, -46],
							"uv": {
								"north": {"uv": [54, 132], "uv_size": [1, 2]},
								"east": {"uv": [29, 132], "uv_size": [25, 2]},
								"south": {"uv": [80, 132], "uv_size": [1, 2]},
								"west": {"uv": [55, 132], "uv_size": [25, 2]},
								"up": {"uv": [54, 107], "uv_size": [1, 25]},
								"down": {"uv": [55, 132], "uv_size": [1, -25]}
							}
						},
						{
							"origin": [2.22229, 20.97594, -43.152],
							"size": [1.1, 2.25, 25],
							"inflate": -0.002,
							"pivot": [3.10581, 23.26329, -43.152],
							"rotation": [0, 0, 46],
							"uv": {
								"north": {"uv": [129, 60], "uv_size": [1, 2]},
								"east": {"uv": [104, 60], "uv_size": [25, 2]},
								"south": {"uv": [155, 60], "uv_size": [1, 2]},
								"west": {"uv": [130, 60], "uv_size": [25, 2]},
								"up": {"uv": [129, 35], "uv_size": [1, 25]},
								"down": {"uv": [130, 60], "uv_size": [1, -25]}
							}
						},
						{"origin": [-2.35, 22.9, -43.15], "size": [1.1, 5.1, 25], "pivot": [-1.75, 28, -30.65], "rotation": [0, 0, 10], "uv": [81, 82]},
						{
							"origin": [0.95, 26.82914, -42.05806],
							"size": [1.1, 3, 14.5],
							"inflate": -0.3,
							"pivot": [0, 28.95414, -34.80806],
							"rotation": [2.5, 0, 0],
							"uv": {
								"north": {"uv": [14, 75], "uv_size": [1, 3]},
								"east": {"uv": [0, 75], "uv_size": [14, 3]},
								"south": {"uv": [29, 75], "uv_size": [1, 3]},
								"west": {"uv": [15, 75], "uv_size": [14, 3]},
								"up": {"uv": [14, 61], "uv_size": [1, 14]},
								"down": {"uv": [15, 75], "uv_size": [1, -14]}
							}
						},
						{"origin": [-1.5, 29.22914, -42.05806], "size": [3, 1, 14.5], "inflate": -0.3, "pivot": [0, 28.85414, -34.80806], "rotation": [2.5, 0, 0], "uv": [0, 46]},
						{"origin": [0.74912, 29.14983, -42.0928], "size": [1.275, 1, 14.5], "inflate": -0.3, "pivot": [1.24912, 29.64983, -34.8428], "rotation": [2.04831, -1.43364, 34.97437], "uv": [44, 88]},
						{"origin": [-2.02412, 29.14983, -42.0928], "size": [1.275, 1, 14.5], "inflate": -0.3, "pivot": [-1.24912, 29.64983, -34.8428], "rotation": [2.04831, 1.43364, -34.97437], "uv": [56, 107]},
						{
							"origin": [-2.05, 26.82914, -42.05806],
							"size": [1.1, 3, 14.5],
							"inflate": -0.3,
							"pivot": [0, 28.95414, -34.80806],
							"rotation": [2.5, 0, 0],
							"uv": {
								"north": {"uv": [42, 98], "uv_size": [1, 3]},
								"east": {"uv": [28, 98], "uv_size": [14, 3]},
								"south": {"uv": [57, 98], "uv_size": [1, 3]},
								"west": {"uv": [43, 98], "uv_size": [14, 3]},
								"up": {"uv": [42, 84], "uv_size": [1, 14]},
								"down": {"uv": [43, 98], "uv_size": [1, -14]}
							}
						},
						{
							"origin": [0.95, 26.57988, -43.31649],
							"size": [1.1, 2.425, 2],
							"inflate": -0.301,
							"pivot": [0.2, 27.57988, -41.81649],
							"rotation": [-47.5, 0, 0],
							"uv": {
								"north": {"uv": [43, 49], "uv_size": [1, 2]},
								"east": {"uv": [41, 49], "uv_size": [2, 2]},
								"south": {"uv": [46, 49], "uv_size": [1, 2]},
								"west": {"uv": [44, 49], "uv_size": [2, 2]},
								"up": {"uv": [43, 47], "uv_size": [1, 2]},
								"down": {"uv": [44, 49], "uv_size": [1, -2]}
							}
						},
						{
							"origin": [-2.05, 26.57988, -43.31649],
							"size": [1.1, 2.425, 2],
							"inflate": -0.301,
							"pivot": [-0.2, 27.57988, -41.81649],
							"rotation": [-47.5, 0, 0],
							"uv": {
								"north": {"uv": [51, 19], "uv_size": [1, 2]},
								"east": {"uv": [49, 19], "uv_size": [2, 2]},
								"south": {"uv": [54, 19], "uv_size": [1, 2]},
								"west": {"uv": [52, 19], "uv_size": [2, 2]},
								"up": {"uv": [51, 17], "uv_size": [1, 2]},
								"down": {"uv": [52, 19], "uv_size": [1, -2]}
							}
						},
						{"origin": [0.95, 25.82988, -29.74149], "size": [1.1, 2.65, 3.3], "inflate": -0.301, "pivot": [0.2, 27.57988, -27.16649], "rotation": [-57.5, 0, 0], "uv": [21, 0]},
						{"origin": [-2.05, 25.82988, -29.74149], "size": [1.1, 2.65, 3.3], "inflate": -0.301, "pivot": [-0.2, 27.57988, -27.16649], "rotation": [-57.5, 0, 0], "uv": [35, 0]},
						{
							"origin": [-1.61563, 21.51551, -43.146],
							"size": [3.225, 1, 25],
							"inflate": 0.002,
							"uv": {
								"north": {"uv": [133, 87], "uv_size": [1, 1]},
								"east": {"uv": [108, 87], "uv_size": [25, 1]},
								"south": {"uv": [159, 87], "uv_size": [1, 1]},
								"west": {"uv": [134, 87], "uv_size": [25, 1]},
								"up": {"uv": [133, 62], "uv_size": [1, 25]},
								"down": {"uv": [134, 87], "uv_size": [1, -25]}
							}
						},
						{"origin": [-3.1125, 27.96731, 5.7], "size": [3, 2.6, 1.6], "inflate": -0.3, "uv": [49, 1]},
						{"origin": [0.1125, 27.96731, 5.7], "size": [3, 2.6, 1.6], "inflate": -0.3, "uv": [49, 5]}
					]
				},
				{
					"name": "charging_thingy",
					"parent": "gun",
					"pivot": [1.6125, 29.26731, -8.0875],
					"cubes": [
						{"origin": [1.1125, 27.96731, -22.475], "size": [1, 2.6, 14.775], "inflate": -0.3, "uv": [62, 91]},
						{"origin": [-2.1125, 27.96731, -22.475], "size": [1, 2.6, 14.775], "inflate": -0.3, "uv": [88, 61]}
					]
				},
				{
					"name": "charge_handle_L",
					"parent": "charging_thingy",
					"pivot": [1.8125, 29.26731, -14.775],
					"cubes": [
						{"origin": [1.5125, 27.96731, -18.475], "size": [1, 2.6, 4], "inflate": -0.3, "uv": [0, 26]}
					]
				},
				{
					"name": "charge_handle_R",
					"parent": "charging_thingy",
					"pivot": [-1.8125, 29.26731, -14.775],
					"cubes": [
						{"origin": [-2.5125, 27.96731, -18.475], "size": [1, 2.6, 4], "inflate": -0.3, "uv": [0, 20]}
					]
				},
				{
					"name": "sight",
					"parent": "gun",
					"pivot": [-0.8125, 31.46731, 4.05],
					"cubes": [
						{"origin": [-2.1125, 30.26731, 1.85], "size": [4.225, 2, 4.15], "uv": [88, 35]},
						{"origin": [-2.3625, 30.56731, 5.3], "size": [4.725, 1.4, 1.4], "pivot": [0, 31.26731, 6], "rotation": [-45, 0, 0], "uv": [21, 11]},
						{"origin": [1.8, 30.32914, -1.30806], "size": [1, 2, 6.5], "inflate": -0.3, "uv": [0, 46]},
						{"origin": [1.2125, 31.96731, 2.05], "size": [1, 1.5, 4], "inflate": -0.3, "uv": [34, 22]},
						{
							"origin": [0.9125, 31.96731, 2.3],
							"size": [0.8, 2.2, 1.75],
							"inflate": -0.3,
							"uv": {
								"north": {"uv": [35, 23], "uv_size": [1, 2]},
								"east": {"uv": [34, 23], "uv_size": [1, 2]},
								"south": {"uv": [37, 23], "uv_size": [1, 2]},
								"west": {"uv": [36, 23], "uv_size": [1, 2]},
								"up": {"uv": [35, 22], "uv_size": [1, 1]},
								"down": {"uv": [36, 23], "uv_size": [1, -1]}
							}
						},
						{"origin": [-2.2125, 31.96731, 2.05], "size": [1, 1.5, 4], "inflate": -0.3, "uv": [34, 17]},
						{
							"origin": [-1.7125, 31.96731, 2.3],
							"size": [0.8, 2.2, 1.75],
							"inflate": -0.3,
							"uv": {
								"north": {"uv": [41, 1], "uv_size": [1, 2]},
								"east": {"uv": [40, 1], "uv_size": [1, 2]},
								"south": {"uv": [43, 1], "uv_size": [1, 2]},
								"west": {"uv": [42, 1], "uv_size": [1, 2]},
								"up": {"uv": [41, 0], "uv_size": [1, 1]},
								"down": {"uv": [42, 1], "uv_size": [1, -1]}
							}
						},
						{
							"origin": [-1.75161, 33.6721, 2.3],
							"size": [1, 0.8, 1.75],
							"inflate": -0.303,
							"pivot": [-1.08911, 34.0721, 3.175],
							"rotation": [0, 0, -47.5],
							"uv": {
								"north": {"uv": [39, 43], "uv_size": [2, 1]},
								"east": {"uv": [38, 43], "uv_size": [1, 1]},
								"south": {"uv": [42, 43], "uv_size": [2, 1]},
								"west": {"uv": [41, 43], "uv_size": [1, 1]},
								"up": {"uv": [39, 42], "uv_size": [2, 1]},
								"down": {"uv": [41, 43], "uv_size": [2, -1]}
							}
						},
						{
							"origin": [-1.5125, 31.96731, 2.3],
							"size": [3.025, 0.8, 1.75],
							"inflate": -0.3,
							"uv": {
								"north": {"uv": [39, 41], "uv_size": [2, 1]},
								"east": {"uv": [38, 41], "uv_size": [1, 1]},
								"south": {"uv": [42, 41], "uv_size": [2, 1]},
								"west": {"uv": [41, 41], "uv_size": [1, 1]},
								"up": {"uv": [39, 40], "uv_size": [2, 1]},
								"down": {"uv": [41, 41], "uv_size": [2, -1]}
							}
						},
						{
							"origin": [-1.4375, 33.66731, 2.3],
							"size": [2.875, 0.8, 1.75],
							"inflate": -0.3,
							"uv": {
								"north": {"uv": [41, 43], "uv_size": [-2, 1]},
								"east": {"uv": [42, 43], "uv_size": [-1, 1]},
								"south": {"uv": [44, 43], "uv_size": [-2, 1]},
								"west": {"uv": [39, 43], "uv_size": [-1, 1]},
								"up": {"uv": [41, 42], "uv_size": [-2, 1]},
								"down": {"uv": [43, 43], "uv_size": [-2, -1]}
							}
						},
						{
							"origin": [0.75161, 33.6721, 2.3],
							"size": [1, 0.8, 1.75],
							"inflate": -0.303,
							"pivot": [1.08911, 34.0721, 3.175],
							"rotation": [0, 0, 47.5],
							"uv": {
								"north": {"uv": [41, 43], "uv_size": [-2, 1]},
								"east": {"uv": [42, 43], "uv_size": [-1, 1]},
								"south": {"uv": [44, 43], "uv_size": [-2, 1]},
								"west": {"uv": [39, 43], "uv_size": [-1, 1]},
								"up": {"uv": [41, 42], "uv_size": [-2, 1]},
								"down": {"uv": [43, 43], "uv_size": [-2, -1]}
							}
						}
					]
				},
				{
					"name": "stock",
					"parent": "gun",
					"pivot": [1.98562, 26.4131, 16],
					"cubes": [
						{"origin": [-3.01438, 25.4131, 4], "size": [1, 2, 24], "uv": [109, 88]},
						{"origin": [1.98562, 25.4131, 4], "size": [1, 2, 24], "uv": [110, 0]},
						{"origin": [-3, 25.25, 27.9], "size": [6, 3.075, 7.975], "uv": [0, 34]},
						{"origin": [-3, 24.975, 27.9], "size": [6, 1, 4.2], "pivot": [0, 25.475, 29.8875], "rotation": [7.5, 0, 0], "uv": [40, 68]},
						{"origin": [-1, 27.03789, 32.1361], "size": [2, 3, 3.75], "inflate": 0.003, "pivot": [0, 28.53789, 34.0111], "rotation": [-7.5, 0, 0], "uv": [33, 33]},
						{"origin": [-0.04121, 28.48818, 33.34664], "size": [2.475, 1.25, 2.5], "pivot": [0.95879, 28.23818, 33.97164], "rotation": [-6.15518, 4.29357, 34.76905], "uv": [48, 21]},
						{"origin": [-2.34788, 28.21806, 33.31108], "size": [2.475, 1.25, 2.5], "pivot": [-1.34788, 27.96806, 33.93608], "rotation": [-6.15518, -4.29357, -34.76905], "uv": [35, 5]},
						{"origin": [-1, 29.2698, 25.59793], "size": [2, 1, 6.75], "uv": [60, 84]},
						{"origin": [-0.9, 20.14697, 28.24494], "size": [1.8, 6.15, 7.9], "inflate": 0.003, "pivot": [0, 22.92885, 31.69201], "rotation": [-7.5, 0, 180], "uv": [20, 46]},
						{"origin": [-2.10885, 20.13526, 28.24934], "size": [2, 6, 7.9], "pivot": [-1.10885, 22.91714, 31.69641], "rotation": [-7.05239, -2.55868, 160.1577], "uv": [23, 20]},
						{"origin": [0.10885, 20.13526, 28.24934], "size": [2, 6, 7.9], "pivot": [1.10885, 22.91714, 31.69641], "rotation": [-7.05239, 2.55868, -160.1577], "uv": [16, 61]},
						{"origin": [-0.27611, 27.73829, 27.89793], "size": [2.75, 2.25, 5.7], "pivot": [0.72389, 28.48829, 28.84793], "rotation": [0, 0, 42.5], "uv": [0, 68]},
						{"origin": [-3.04904, 27.22222, 27.89793], "size": [2.75, 2.25, 5.7], "pivot": [-1.67404, 28.97222, 30.12293], "rotation": [0, 0, -42.5], "uv": [0, 61]},
						{"origin": [-0.27611, 28.98829, 25.59793], "size": [1.375, 1, 2.3], "pivot": [0.72389, 28.48829, 25.84793], "rotation": [0, 0, 42.5], "uv": [19, 34]},
						{"origin": [-1.67404, 28.47222, 25.59793], "size": [1.375, 1, 2.3], "pivot": [-1.67404, 28.97222, 27.12293], "rotation": [0, 0, -42.5], "uv": [19, 37]}
					]
				},
				{
					"name": "reticle",
					"parent": "gun",
					"pivot": [0, 33.2, 3.175],
					"cubes": [
						{"origin": [-0.5, 32.7, 2.675], "size": [1, 1, 1], "uv": [136, 0]}
					]
				},
				{
					"name": "_cb_scope",
					"parent": "gun",
					"pivot": [0, 32.25, -7.125],
					"cubes": [
						{"origin": [-0.5, 31.75, -7.625], "size": [1, 1, 1], "uv": [128, 78]}
					]
				},
				{
					"name": "_cb_suppressor",
					"parent": "gun",
					"pivot": [0, 24.3, -52.9],
					"cubes": [
						{"origin": [-0.5, 23.8, -53.4], "size": [1, 1, 1], "uv": [128, 78]}
					]
				},
				{
					"name": "rightarm",
					"parent": "armR_gun",
					"pivot": [-8.3, 12.8, 24.8],
					"rotation": [-101.81106, -12.40003, -2.46982],
					"cubes": [
						{
							"origin": [-12.3, -11.2, 20.8],
							"size": [8, 24, 8],
							"uv": {
								"north": {"uv": [232, 8], "uv_size": [8, 24]},
								"east": {"uv": [224, 8], "uv_size": [8, 24]},
								"south": {"uv": [248, 8], "uv_size": [8, 24]},
								"west": {"uv": [240, 8], "uv_size": [8, 24]},
								"up": {"uv": [232, 0], "uv_size": [8, 8]},
								"down": {"uv": [240, 8], "uv_size": [8, -8]}
							}
						}
					]
				},
				{
					"name": "armL_mag",
					"parent": "main",
					"pivot": [0, 20.25, -6.75]
				},
				{
					"name": "magazine",
					"parent": "armL_mag",
					"pivot": [0, 20.25, -6.75],
					"rotation": [-7.5, 0, 0],
					"cubes": [
						{"origin": [-1.5, 15.74598, -11.21986], "size": [3, 6, 9], "pivot": [0, 18.6708, -6.95829], "rotation": [-10, 0, 0], "uv": [0, 84]},
						{"origin": [-1.5, 20.30472, -10.51724], "size": [3, 3.7, 8.575], "inflate": -0.003, "pivot": [0, 21.92954, -6.25567], "rotation": [7.5, 0, 0], "uv": [21, 0]},
						{"origin": [-1.5, 10.68761, -12.55441], "size": [3, 6, 9], "inflate": -0.003, "pivot": [0, 13.68761, -8.05441], "rotation": [-20, 0, 0], "uv": [80, 0]},
						{"origin": [-1.5, 6.45308, -14.75877], "size": [3, 6, 9], "pivot": [0, 9.45308, -10.25877], "rotation": [-35, 0, 0], "uv": [78, 77]},
						{"origin": [-1.5, 2.47519, -18.09662], "size": [3, 6, 9], "inflate": -0.003, "pivot": [0, 5.47519, -13.59662], "rotation": [-45, 0, 0], "uv": [75, 46]},
						{"origin": [-1.5, -0.86266, -22.07451], "size": [3, 6, 9], "pivot": [0, 2.13734, -17.57451], "rotation": [-55, 0, 0], "uv": [40, 46]}
					]
				},
				{
					"name": "bullet2",
					"parent": "magazine",
					"pivot": [-0.15, 23.4187, -10.1647],
					"rotation": [7.5, 0, 0],
					"cubes": [
						{"origin": [-0.65, 22.9187, -10.1647], "size": [1, 1, 7.5], "inflate": 0.2, "pivot": [-0.15, 23.4187, -10.1647], "rotation": [0, 0, 21], "uv": [79, 35]}
					]
				},
				{
					"name": "magazine2",
					"parent": "armL_mag",
					"pivot": [0, 20.25, -6.75],
					"rotation": [-7.5, 0, 0],
					"cubes": [
						{"origin": [-1.5, 15.74598, -11.21986], "size": [3, 6, 9], "pivot": [0, 18.6708, -6.95829], "rotation": [-10, 0, 0], "uv": [0, 84]},
						{"origin": [-1.5, 20.30472, -10.51724], "size": [3, 3.7, 8.575], "inflate": -0.003, "pivot": [0, 21.92954, -6.25567], "rotation": [7.5, 0, 0], "uv": [21, 0]},
						{"origin": [-1.5, 10.68761, -12.55441], "size": [3, 6, 9], "inflate": -0.003, "pivot": [0, 13.68761, -8.05441], "rotation": [-20, 0, 0], "uv": [80, 0]},
						{"origin": [-1.5, 6.45308, -14.75877], "size": [3, 6, 9], "pivot": [0, 9.45308, -10.25877], "rotation": [-35, 0, 0], "uv": [78, 77]},
						{"origin": [-1.5, 2.47519, -18.09662], "size": [3, 6, 9], "inflate": -0.003, "pivot": [0, 5.47519, -13.59662], "rotation": [-45, 0, 0], "uv": [75, 46]},
						{"origin": [-1.5, -0.86266, -22.07451], "size": [3, 6, 9], "pivot": [0, 2.13734, -17.57451], "rotation": [-55, 0, 0], "uv": [40, 46]}
					]
				},
				{
					"name": "bullet3",
					"parent": "magazine2",
					"pivot": [-0.15, 23.4187, -10.1647],
					"rotation": [7.5, 0, 0],
					"cubes": [
						{"origin": [-0.65, 22.9187, -10.1647], "size": [1, 1, 7.5], "inflate": 0.2, "pivot": [-0.15, 23.4187, -10.1647], "rotation": [0, 0, 21], "uv": [79, 35]}
					]
				},
				{
					"name": "leftarm",
					"parent": "armL_mag",
					"pivot": [10.7, 11.3, -8.6],
					"rotation": [-89.4933, 29.65402, 49.76456],
					"cubes": [
						{
							"origin": [6.7, -12.7, -12.6],
							"size": [8, 24, 8],
							"uv": {
								"north": {"uv": [232, 40], "uv_size": [8, 24]},
								"east": {"uv": [224, 40], "uv_size": [8, 24]},
								"south": {"uv": [248, 40], "uv_size": [8, 24]},
								"west": {"uv": [240, 40], "uv_size": [8, 24]},
								"up": {"uv": [232, 32], "uv_size": [8, 8]},
								"down": {"uv": [240, 40], "uv_size": [8, -8]}
							}
						}
					]
				},
				{
					"name": "muzzleflash",
					"parent": "main",
					"pivot": [0, 24.3, -54.35],
					"cubes": [
						{"origin": [-0.5, 23.8, -54.85], "size": [1, 1, 1], "inflate": -0.4, "uv": [48, 38]}
					]
				},
				{
					"name": "scope",
					"parent": "main",
					"pivot": [0, 33.2, 10.95],
					"cubes": [
						{"origin": [-0.5, 32.7, 10.45], "size": [1, 1, 1], "inflate": -0.4, "uv": [16, 42]}
					]
				},
				{
					"name": "_camera_",
					"pivot": [9.25, 40, 25]
				}
			]
		}
	]
}