{
	"format_version": "1.12.0",
	"minecraft:geometry": [
		{
			"description": {
				"identifier": "geometry.unknown",
				"texture_width": 512,
				"texture_height": 512,
				"visible_bounds_width": 11,
				"visible_bounds_height": 5,
				"visible_bounds_offset": [0, 1.5, 0]
			},
			"bones": [
				{
					"name": "main",
					"pivot": [-10, 20, 0]
				},
				{
					"name": "armR_gun",
					"parent": "main",
					"pivot": [-18.3, 12.8, 24.8]
				},
				{
					"name": "gun",
					"parent": "armR_gun",
					"pivot": [-10, 19, 7],
					"cubes": [
						{"origin": [-14.5, 22.19369, -6.55545], "size": [1.35, 1.4, 2.2], "inflate": -0.2, "uv": [17, 344], "mirror": true},
						{"origin": [-6.85, 22.19369, -6.55545], "size": [1.35, 1.4, 2.2], "inflate": -0.2, "uv": [17, 347]},
						{"origin": [-14.5, 23.19369, -5.65545], "size": [9, 3.1, 1.3], "inflate": -0.2, "uv": [0, 351]},
						{"origin": [-14.5, 23.19369, -7.45545], "size": [9, 4, 2.2], "inflate": -0.2, "uv": [0, 355]},
						{"origin": [-10.5, 18.25858, 0.88823], "size": [1, 3, 7], "pivot": [-10, 18.25858, 8.58823], "rotation": [-27.5, 0, 0], "uv": [260, 292]},
						{"origin": [-10.5, 15.41217, 7.88771], "size": [1, 8, 3], "pivot": [-10, 19.41217, 14.38771], "rotation": [7.5, 0, 0], "uv": [28, 312]},
						{"origin": [-10.5, 14.56375, 7.94332], "size": [1, 7, 3.175], "inflate": -0.0002, "pivot": [-9.5, 18.56375, 7.94332], "rotation": [7.89236, 18.08844, 2.46455], "uv": [312, 52]},
						{"origin": [-10.5, 14.56375, 7.94332], "size": [1, 7, 3.175], "inflate": -0.0002, "pivot": [-10.5, 18.56375, 7.94332], "rotation": [7.89236, -18.08844, -2.46455], "uv": [312, 62]},
						{"origin": [-11.7, 23.04369, -8.38045], "size": [3.4, 1, 3.125], "inflate": -0.2004, "uv": [74, 312]},
						{"origin": [-11.5, 15.41217, 10.88771], "size": [3, 7, 3], "pivot": [-10, 19.41217, 14.38771], "rotation": [7.5, 0, 0], "uv": [262, 302]},
						{"origin": [-12.5, 21.45, -2.2], "size": [0, 3.8, 1], "pivot": [-12.5, 25.25, -1.7], "rotation": [0, 0, -15.25], "uv": [40, 334], "mirror": true},
						{"origin": [-7.5, 21.45, -2.2], "size": [0, 3.8, 1], "pivot": [-7.5, 25.25, -1.7], "rotation": [0, 0, 15.25], "uv": [40, 334]},
						{"origin": [-10.5, 22.1169, 10.38271], "size": [1, 1, 3], "pivot": [-9.5, 23.1169, 11.88271], "rotation": [7.5, 0, 0], "uv": [312, 103]},
						{"origin": [-10.50352, 21.69542, 10.38225], "size": [1, 1.42, 3], "pivot": [-9.50352, 23.12042, 11.88225], "rotation": [5.34149, 5.27248, -44.50388], "uv": [312, 107]},
						{"origin": [-10.49648, 21.69542, 10.38225], "size": [1, 1.42, 3], "pivot": [-10.49648, 23.12042, 11.88225], "rotation": [5.34149, -5.27248, 44.50388], "uv": [312, 111]},
						{"origin": [-11.5, 15.41217, 13.88771], "size": [3, 2, 2], "pivot": [-10, 19.41217, 14.38771], "rotation": [7.5, 0, 0], "uv": [312, 99]},
						{"origin": [-11.5, 17.16819, 12.26289], "size": [3, 5, 24], "inflate": 0.002, "pivot": [-10, 19.16819, 14.26289], "rotation": [-9, 0, 0], "uv": [0, 261]},
						{"origin": [-11.5, 13.16819, 26.26289], "size": [3, 4, 9], "pivot": [-10, 19.16819, 14.26289], "rotation": [-9, 0, 0], "uv": [236, 292]},
						{"origin": [-11.5, 15.16819, 17.26289], "size": [3, 2, 9], "pivot": [-10, 19.16819, 14.26289], "rotation": [-9, 0, 0], "uv": [48, 310]},
						{"origin": [-11.5, 7.98162, 12.40248], "size": [3, 2, 21], "inflate": -0.0002, "pivot": [-10, 7.98162, 33.75248], "rotation": [-21.5, 0, 0], "uv": [54, 287]},
						{"origin": [-11.5, 7.98162, 32.75248], "size": [3, 2, 1], "inflate": -0.0004, "pivot": [-10, 7.98162, 33.75248], "rotation": [-21.5, 0, 0], "uv": [81, 305]},
						{"origin": [-11.5, 11.16819, 35.26289], "size": [3, 6, 1], "inflate": 0.0002, "pivot": [-10, 19.16819, 14.26289], "rotation": [-9, 0, 0], "uv": [312, 77]},
						{"origin": [-10.5, 20.54229, 12.92195], "size": [1, 2, 24], "inflate": 0.0002, "pivot": [-9.5, 22.54229, 24.92195], "rotation": [-9, 0, 0], "uv": [54, 261]},
						{"origin": [-10.5, 20.29229, 12.92195], "size": [1, 2.25, 24], "pivot": [-9.5, 22.54229, 24.92195], "rotation": [-8.06757, -4.00254, -26.21763], "uv": [276, 260]},
						{"origin": [-10.5, 20.29229, 12.92195], "size": [1, 2.25, 24], "pivot": [-10.5, 22.54229, 24.92195], "rotation": [-8.06757, 4.00254, 26.21763], "uv": [276, 286]},
						{"origin": [-11.5, 19.53697, 1.49001], "size": [3, 3.3, 11], "inflate": 0.002, "pivot": [-10, 22.33697, 10.49001], "rotation": [-25, 0, 0], "uv": [208, 292]},
						{"origin": [-11.5, 21.59369, -5.45545], "size": [3, 5, 8], "uv": [208, 306]},
						{"origin": [-11.5, 21.59369, 2.54455], "size": [3, 2, 3], "uv": [89, 311]},
						{"origin": [-11.5, 21.59369, -9.45545], "size": [1, 1, 4], "uv": [312, 72]},
						{"origin": [-9.5, 21.59369, -9.45545], "size": [1, 1, 4], "uv": [312, 84]},
						{"origin": [-11.5, 22.59369, -8.45545], "size": [1, 1, 3], "uv": [312, 121]},
						{"origin": [-9.5, 22.59369, -8.45545], "size": [1, 1, 3], "uv": [312, 117]},
						{"origin": [-9.5, 22.09369, -9.24834], "size": [1, 1.775, 1], "inflate": -0.0002, "pivot": [-10, 22.59369, -8.74834], "rotation": [-45, 0, 0], "uv": [312, 154]},
						{"origin": [-11.5, 22.09369, -9.24834], "size": [1, 1.775, 1], "inflate": -0.0002, "pivot": [-10, 22.59369, -8.74834], "rotation": [-45, 0, 0], "uv": [154, 312]},
						{"origin": [-10.5, 21.59369, -6.45545], "size": [1, 2, 1], "uv": [312, 134]},
						{"origin": [-10.5, 17.51869, -5.15545], "size": [1, 5, 1], "pivot": [-10, 21.51869, -4.65545], "rotation": [37.5, 0, 0], "uv": [48, 294]},
						{"origin": [-10.5, 20.51869, -4.15545], "size": [1, 1, 2], "pivot": [-10, 21.51869, -4.65545], "rotation": [37.5, 0, 0], "uv": [48, 303]},
						{"origin": [-10.7, 17.84089, -2.81708], "size": [1.4, 1.025, 4.25], "inflate": -0.1998, "uv": [312, 94]},
						{"origin": [-10.7, 17.84089, 1.03292], "size": [1.4, 1.025, 2.175], "inflate": -0.2, "pivot": [-10, 18.041, 1.23292], "rotation": [45, 0, 0], "uv": [48, 300]},
						{"origin": [-10.7, 19.09089, 1.68292], "size": [1.4, 3, 1], "inflate": -0.1998, "uv": [230, 310]},
						{"origin": [-10.7, 19.09089, -0.21708], "size": [1.4, 3, 1], "inflate": -0.1998, "pivot": [-10, 21.59089, 0.28292], "rotation": [17.5, 0, 0], "uv": [312, 130]},
						{"origin": [-11.7, 21.75582, -8.59479], "size": [3.4, 1, 1], "inflate": -0.1, "pivot": [-10, 22.25582, -8.09479], "rotation": [45, 0, 0], "uv": [312, 128]},
						{"origin": [-12.95, 24.52868, -5.65], "size": [2, 1.64264, 1.65], "inflate": -0.2, "uv": [48, 306]},
						{"origin": [-12.95, 24.52868, -5.65], "size": [2, 1.64264, 1.65], "inflate": -0.2002, "pivot": [-11.25, 25.35, -10.65], "rotation": [0, 0, 45], "uv": [230, 306]},
						{"origin": [-12.07132, 23.65, -5.65], "size": [4.14264, 1, 1.65], "inflate": -0.2, "uv": [112, 312]},
						{"origin": [-12.07132, 23.65, -5.65], "size": [1.64264, 2, 1.65], "inflate": -0.2002, "pivot": [-11.25, 25.35, -10.65], "rotation": [0, 0, 45], "uv": [312, 137]},
						{"origin": [-9.05, 24.52868, -5.65], "size": [2, 1.64264, 1.65], "inflate": -0.2, "uv": [48, 308]},
						{"origin": [-8.85504, 24.76, -4.3164], "size": [1, 1, 1], "pivot": [-8.35504, 25.58075, -3.4914], "rotation": [0, 0, 45], "uv": [312, 148]},
						{"origin": [-9.05, 24.52868, -5.65], "size": [2, 1.64264, 1.65], "inflate": -0.2002, "pivot": [-8.75, 25.35, -10.65], "rotation": [0, 0, 45], "uv": [230, 308]},
						{"origin": [-12.07132, 26.05, -5.65], "size": [4.14264, 1, 1.65], "inflate": -0.2, "uv": [312, 115]},
						{"origin": [-11.135, 26.05, -4.4], "size": [2.27, 1, 3.15], "inflate": -0.2, "uv": [102, 312]},
						{"origin": [-12.5, 25.25, -3.2], "size": [5, 2, 5], "uv": [77, 355]},
						{"origin": [-11.5, 26.65, -1.2], "size": [3, 1, 3], "uv": [80, 346]},
						{"origin": [-11.5, 25.25, 1.8], "size": [3, 2, 1], "uv": [98, 359]},
						{"origin": [-11, 26.2, 0.8], "size": [2, 1.25, 3], "uv": [82, 351]},
						{"origin": [-11, 26.3, -7.15], "size": [2, 1, 3.5], "inflate": 0.05, "uv": [62, 347]},
						{"origin": [-11, 27.45, -4.2], "size": [2, 0, 3], "pivot": [-10, 27.45, -1.2], "rotation": [5.25, 0, 0], "uv": [62, 343]},
						{"origin": [-11.5, 25.25, 1.7], "size": [1, 2, 1.1], "inflate": -0.0004, "pivot": [-11.5, 26.25, 2.8], "rotation": [0, 20, 0], "uv": [102, 356]},
						{"origin": [-9.5, 25.25, 1.7], "size": [1, 2, 1.1], "inflate": -0.0004, "pivot": [-8.5, 26.25, 2.8], "rotation": [0, -20, 0], "uv": [98, 356], "mirror": true},
						{"origin": [-9.57132, 25.05, -5.65], "size": [1.64264, 2, 1.65], "inflate": -0.2002, "pivot": [-8.75, 25.35, -10.65], "rotation": [0, 0, 45], "uv": [138, 312]},
						{"origin": [-8.51066, 25.61066, -4.4], "size": [1.64264, 1, 1.65], "inflate": -0.2002, "pivot": [-7.68934, 26.41066, -4.2], "rotation": [-45, 0, 45], "uv": [312, 146]},
						{"origin": [-8.48934, 23.46802, -4.4], "size": [1, 1.64264, 1.65], "inflate": -0.2002, "pivot": [-7.68934, 24.28934, -4.2], "rotation": [0, -45, 45], "uv": [146, 312]},
						{"origin": [-12.14496, 24.76, -4.3164], "size": [1, 1, 1], "pivot": [-11.64496, 25.58075, -3.4914], "rotation": [0, 0, -45], "uv": [312, 152]},
						{"origin": [-13.13198, 25.61066, -4.4], "size": [1.64264, 1, 1.65], "inflate": -0.2002, "pivot": [-12.31066, 26.41066, -4.2], "rotation": [-45, 0, -45], "uv": [312, 150]},
						{"origin": [-12.51066, 23.46802, -4.4], "size": [1, 1.64264, 1.65], "inflate": -0.2002, "pivot": [-12.31066, 24.28934, -4.2], "rotation": [0, 45, -45], "uv": [150, 312]}
					]
				},
				{
					"name": "muzzleflash",
					"parent": "gun",
					"pivot": [-10, 25.2, -19.975],
					"cubes": [
						{"origin": [-10.5, 24.7, -20.475], "size": [1, 1, 1], "inflate": -0.4, "uv": [312, 140]}
					]
				},
				{
					"name": "scope",
					"parent": "gun",
					"pivot": [0, 34.4, 18],
					"cubes": [
						{"origin": [-0.5, 33.9, 17.5], "size": [1, 1, 1], "inflate": -0.4, "uv": [142, 312]}
					]
				},
				{
					"name": "breakaction",
					"parent": "gun",
					"pivot": [-10, 22.25, -8.1],
					"cubes": [
						{"origin": [-10.5, 26.89369, -16.20545], "size": [1, 1, 1], "inflate": -0.2, "pivot": [-10, 27.79369, -15.70545], "rotation": [0, -45, 0], "uv": [18, 339]},
						{"origin": [-10.5, 27.29369, -12.08045], "size": [1, 1, 4], "pivot": [-10, 28.29369, -12.08045], "rotation": [-26.5, 0, 0], "uv": [28, 337]},
						{"origin": [-10.7, 26.99268, -16.95545], "size": [1.4, 0, 1], "uv": [37, 341]},
						{"origin": [-5.7, 19.54268, -16.95545], "size": [0, 3.85, 1], "pivot": [-5.7, 23.39268, -16.45545], "rotation": [0, 0, 46.5], "uv": [40, 334]},
						{"origin": [-14.3, 19.54268, -16.95545], "size": [0, 3.85, 1], "pivot": [-14.3, 23.39268, -16.45545], "rotation": [0, 0, -46.5], "uv": [40, 334], "mirror": true},
						{"origin": [-11, 23.19369, -9.38045], "size": [2, 4, 2.325], "inflate": -0.2002, "uv": [29, 342]},
						{"origin": [-10.9, 21.39369, -9.65545], "size": [1.8, 1, 3.4], "inflate": -0.2002, "uv": [38, 314], "mirror": true},
						{"origin": [-11, 24.99369, -14.20545], "size": [2, 4, 2.325], "inflate": -0.2002, "uv": [29, 342], "mirror": true},
						{"origin": [-10.7, 26.41869, -16.35545], "size": [1.4, 1, 2.55], "inflate": -0.2002, "uv": [37, 345], "mirror": true},
						{"origin": [-10.5, 26.61869, -18.40545], "size": [1, 2.2, 5], "uv": [23, 351], "mirror": true},
						{"origin": [-10.5, 27.71869, -18.40545], "size": [1, 1.1, 1], "uv": [25, 343], "mirror": true},
						{"origin": [-11, 20.99369, -14.13045], "size": [2, 1, 7], "inflate": 0.0002, "uv": [58, 335], "mirror": true},
						{"origin": [-11, 20.99369, -12.13045], "size": [2, 1, 5], "pivot": [-10, 20.99369, -7.13045], "rotation": [62.5, 0, 0], "uv": [87, 336], "mirror": true},
						{"origin": [-11, 17.46388, -9.89533], "size": [2, 6, 1], "inflate": -0.0002, "pivot": [-10, 17.46388, -10.09533], "rotation": [55, 0, 0], "uv": [104, 336], "mirror": true},
						{"origin": [-10.5, 17.18226, -12.5286], "size": [1, 5, 1], "inflate": 0.2, "pivot": [-10, 20.28226, -12.0286], "rotation": [63.659, 23.92746, 39.32269], "uv": [110, 336], "mirror": true},
						{"origin": [-11.5, 20.74369, -18.95545], "size": [3, 1.25, 5], "uv": [76, 337], "mirror": true},
						{"origin": [-11, 19.49369, -18.95545], "size": [2, 1.25, 2], "uv": [73, 339], "mirror": true},
						{"origin": [-11, 21.59369, -17.13045], "size": [2, 2, 9.15], "inflate": -0.2, "uv": [1, 323], "mirror": true},
						{"origin": [-9.4, 21.89369, -16.18045], "size": [1, 1.7, 1.375], "inflate": -0.2, "uv": [27, 330], "mirror": true},
						{"origin": [-9.4, 21.89369, -11.33045], "size": [1, 1.7, 1.375], "inflate": -0.2, "uv": [27, 332], "mirror": true},
						{"origin": [-11.6, 21.89369, -11.33045], "size": [1, 1.7, 1.375], "inflate": -0.2, "uv": [23, 332]},
						{"origin": [-11.6, 21.89369, -16.18045], "size": [1, 1.7, 1.375], "inflate": -0.2, "uv": [23, 330]}
					]
				},
				{
					"name": "spinnybit",
					"parent": "breakaction",
					"pivot": [-10, 28.19369, -15.70545],
					"cubes": [
						{"origin": [-11.5, 27.29369, -17.20545], "size": [3, 1.8, 3], "inflate": -0.3, "pivot": [-10, 28.19369, -15.70545], "rotation": [0, -45, 0], "uv": [12, 338]}
					]
				},
				{
					"name": "shellR",
					"parent": "breakaction",
					"pivot": [-12.5, 25.19369, -7.25545],
					"cubes": [
						{"origin": [-14.2, 23.49369, -13.35545], "size": [3.4, 3.4, 6.6], "inflate": -0.5, "uv": [0, 312]}
					]
				},
				{
					"name": "shellL",
					"parent": "breakaction",
					"pivot": [-7.5, 25.19369, -7.25545],
					"cubes": [
						{"origin": [-9.2, 23.49369, -13.35545], "size": [3.4, 3.4, 6.6], "inflate": -0.5, "uv": [0, 312], "mirror": true}
					]
				},
				{
					"name": "leftBarrel",
					"parent": "breakaction",
					"pivot": [-12.6, 23.89369, -9.75545],
					"cubes": [
						{"origin": [-14.2, 23.49369, -20.25545], "size": [3.4, 3.4, 7.9], "inflate": -0.5, "uv": [57, 351]},
						{"origin": [-11.5, 23.79369, -20.05545], "size": [1, 2.8, 13], "inflate": -0.2, "uv": [68, 362]},
						{"origin": [-14.5, 26.19369, -20.05545], "size": [4, 1, 13], "inflate": -0.2, "uv": [68, 377]},
						{"origin": [-14.5, 23.19369, -20.05545], "size": [4, 1, 13], "inflate": -0.2, "uv": [102, 377]},
						{"origin": [-14.5, 23.79369, -20.05545], "size": [1, 2.8, 13], "inflate": -0.2, "uv": [96, 362]}
					]
				},
				{
					"name": "rightBarrel",
					"parent": "breakaction",
					"pivot": [-7.4, 23.89369, -9.75545],
					"cubes": [
						{"origin": [-9.2, 23.49369, -20.25545], "size": [3.4, 3.4, 7.9], "inflate": -0.5, "uv": [37, 351], "mirror": true},
						{"origin": [-9.5, 23.79369, -20.05545], "size": [1, 2.8, 13], "inflate": -0.2, "uv": [0, 362], "mirror": true},
						{"origin": [-9.5, 26.19369, -20.05545], "size": [4, 1, 13], "inflate": -0.2, "uv": [0, 377], "mirror": true},
						{"origin": [-9.5, 23.19369, -20.05545], "size": [4, 1, 13], "inflate": -0.2, "uv": [34, 377], "mirror": true},
						{"origin": [-6.5, 23.79369, -20.05545], "size": [1, 2.8, 13], "inflate": -0.2, "uv": [28, 362], "mirror": true}
					]
				},
				{
					"name": "rightarm",
					"parent": "armR_gun",
					"pivot": [-18.3, 12.8, 24.8],
					"rotation": [-101.81106, -12.40003, -2.46982],
					"cubes": [
						{
							"origin": [-22.3, -11.2, 20.8],
							"size": [8, 24, 8],
							"uv": {
								"north": {"uv": [312, 166], "uv_size": [8, 24]},
								"east": {"uv": [170, 312], "uv_size": [8, 24]},
								"south": {"uv": [178, 312], "uv_size": [8, 24]},
								"west": {"uv": [186, 312], "uv_size": [8, 24]},
								"up": {"uv": [312, 238], "uv_size": [8, 8]},
								"down": {"uv": [312, 254], "uv_size": [8, -8]}
							}
						}
					]
				},
				{
					"name": "leftarm",
					"parent": "main",
					"pivot": [-0.3, -14.7, 71.4],
					"rotation": [-89.4933, 29.654, 49.7646],
					"cubes": [
						{
							"origin": [-4.3, -38.7, 67.4],
							"size": [8, 24, 8],
							"uv": {
								"north": {"uv": [312, 190], "uv_size": [8, 24]},
								"east": {"uv": [194, 312], "uv_size": [8, 24]},
								"south": {"uv": [312, 214], "uv_size": [8, 24]},
								"west": {"uv": [262, 312], "uv_size": [8, 24]},
								"up": {"uv": [270, 312], "uv_size": [8, 8]},
								"down": {"uv": [278, 320], "uv_size": [8, -8]}
							}
						}
					]
				},
				{
					"name": "reticle",
					"pivot": [0, 34.4, 10],
					"cubes": [
						{"origin": [-0.5, 33.9, 9.5], "size": [1, 1, 1], "uv": [142, 312]}
					]
				},
				{
					"name": "_camera_",
					"pivot": [0, 34.4, 28]
				}
			]
		}
	]
}