{
	"format_version": "1.12.0",
	"minecraft:geometry": [
		{
			"description": {
				"identifier": "geometry.unknown",
				"texture_width": 256,
				"texture_height": 256,
				"visible_bounds_width": 8,
				"visible_bounds_height": 6,
				"visible_bounds_offset": [0, 2, 0]
			},
			"bones": [
				{
					"name": "muzzleflash",
					"pivot": [9.12172, 26.642, -25.35],
					"rotation": [0, 0, -50],
					"cubes": [
						{"origin": [8.62172, 26.142, -25.85], "size": [1, 1, 1], "inflate": -0.4, "uv": [0, 65]}
					]
				},
				{
					"name": "scope",
					"pivot": [0.00742, 34.9154, 10.95],
					"rotation": [0, 0, -50],
					"cubes": [
						{"origin": [-0.49258, 34.4154, 10.45], "size": [1, 1, 1], "inflate": -0.4, "pivot": [0.00742, 34.9154, 10.95], "rotation": [0, 0, -50], "uv": [60, 44]}
					]
				},
				{
					"name": "reticle",
					"pivot": [0.00742, 34.9154, 5.95],
					"rotation": [0, 0, -50],
					"cubes": [
						{"origin": [-0.49258, 34.4154, 5.45], "size": [1, 1, 1], "pivot": [0.00742, 34.9154, 5.95], "rotation": [0, 0, -50], "uv": [60, 46]}
					]
				},
				{
					"name": "main",
					"pivot": [9.125, 20.25, 8.25]
				},
				{
					"name": "armR_gun",
					"parent": "main",
					"pivot": [9.175, 27.25, 8]
				},
				{
					"name": "rightarm",
					"parent": "armR_gun",
					"pivot": [5.875, 14.8, 25.8],
					"rotation": [-101.54108, 2.29304, -5.509],
					"cubes": [
						{"origin": [1.875, -9.2, 21.8], "size": [8, 24, 8], "uv": [0, 90]}
					]
				},
				{
					"name": "gun",
					"parent": "armR_gun",
					"pivot": [10.175, 8, 6],
					"cubes": [
						{
							"origin": [8.31805, 19.77762, 2.12021],
							"size": [1.61039, 0.80539, 0.80539],
							"inflate": -0.001,
							"pivot": [9.12325, 19.77781, 2.9254],
							"rotation": [-18.5, 0, 0],
							"uv": {
								"north": {"uv": [36, 39], "uv_size": [2, 1]},
								"east": {"uv": [35, 39], "uv_size": [1, 1]},
								"south": {"uv": [39, 39], "uv_size": [2, 1]},
								"west": {"uv": [38, 39], "uv_size": [1, 1]},
								"up": {"uv": [36, 38], "uv_size": [2, 1]},
								"down": {"uv": [38, 39], "uv_size": [2, -1]}
							}
						},
						{
							"origin": [8.31805, 23.27559, 1.17263],
							"size": [1.61039, 0.80539, 4.02539],
							"inflate": -0.001,
							"pivot": [9.12325, 20.45829, 3.90983],
							"rotation": [15, 0, 0],
							"uv": {
								"north": {"uv": [5, 84], "uv_size": [2, 1]},
								"east": {"uv": [0, 84], "uv_size": [5, 1]},
								"south": {"uv": [12, 84], "uv_size": [2, 1]},
								"west": {"uv": [7, 84], "uv_size": [5, 1]},
								"up": {"uv": [5, 79], "uv_size": [2, 5]},
								"down": {"uv": [7, 84], "uv_size": [2, -5]}
							}
						},
						{
							"origin": [8.31825, 20.05579, 2.78283],
							"size": [1.61, 0.805, 3.864],
							"pivot": [9.12325, 20.45829, 3.90983],
							"rotation": [15, 0, 0],
							"uv": {
								"north": {"uv": [120, 136], "uv_size": [2, 1]},
								"east": {"uv": [116, 136], "uv_size": [4, 1]},
								"south": {"uv": [126, 136], "uv_size": [2, 1]},
								"west": {"uv": [122, 136], "uv_size": [4, 1]},
								"up": {"uv": [120, 132], "uv_size": [2, 4]},
								"down": {"uv": [122, 136], "uv_size": [2, -4]}
							}
						},
						{
							"origin": [8.31786, 15.95916, 13.02516],
							"size": [1.61078, 2.4359, 1.61078],
							"inflate": -0.002,
							"pivot": [9.12325, 17.40855, 13.83055],
							"rotation": [15, 0, 0],
							"uv": {
								"north": {"uv": [41, 2], "uv_size": [2, 3]},
								"east": {"uv": [39, 2], "uv_size": [2, 3]},
								"south": {"uv": [45, 2], "uv_size": [2, 3]},
								"west": {"uv": [43, 2], "uv_size": [2, 3]},
								"up": {"uv": [41, 0], "uv_size": [2, 2]},
								"down": {"uv": [43, 2], "uv_size": [2, -2]}
							}
						},
						{
							"origin": [8.31805, 14.43498, 11.64399],
							"size": [1.61039, 2.95877, 1.61039],
							"inflate": -0.001,
							"pivot": [9.12325, 17.15205, 11.34231],
							"rotation": [80, 0, 0],
							"uv": {
								"north": {"uv": [37, 46], "uv_size": [2, 3]},
								"east": {"uv": [35, 46], "uv_size": [2, 3]},
								"south": {"uv": [41, 46], "uv_size": [2, 3]},
								"west": {"uv": [39, 46], "uv_size": [2, 3]},
								"up": {"uv": [37, 44], "uv_size": [2, 2]},
								"down": {"uv": [39, 46], "uv_size": [2, -2]}
							}
						},
						{
							"origin": [8.31805, 12.74175, 12.48443],
							"size": [1.61039, 5.31339, 3.82414],
							"inflate": -0.001,
							"pivot": [9.12325, 13.38594, 12.7865],
							"rotation": [62.5, 0, 0],
							"uv": {
								"north": {"uv": [20, 36], "uv_size": [2, 6]},
								"east": {"uv": [16, 36], "uv_size": [4, 6]},
								"south": {"uv": [26, 36], "uv_size": [2, 6]},
								"west": {"uv": [22, 36], "uv_size": [4, 6]},
								"up": {"uv": [20, 32], "uv_size": [2, 4]},
								"down": {"uv": [22, 36], "uv_size": [2, -4]}
							}
						},
						{
							"origin": [8.31844, 23.28601, 0.29829],
							"size": [1.60961, 0.80461, 6.43961],
							"inflate": 0.001,
							"uv": {
								"north": {"uv": [123, 90], "uv_size": [2, 1]},
								"east": {"uv": [115, 90], "uv_size": [8, 1]},
								"south": {"uv": [133, 90], "uv_size": [2, 1]},
								"west": {"uv": [125, 90], "uv_size": [8, 1]},
								"up": {"uv": [123, 82], "uv_size": [2, 8]},
								"down": {"uv": [125, 90], "uv_size": [2, -8]}
							}
						},
						{
							"origin": [8.31844, 24.09101, -7.51021],
							"size": [1.60961, 1.28761, 15.89836],
							"inflate": 0.001,
							"uv": {
								"north": {"uv": [107, 61], "uv_size": [2, 1]},
								"east": {"uv": [88, 61], "uv_size": [19, 1]},
								"south": {"uv": [128, 61], "uv_size": [2, 1]},
								"west": {"uv": [109, 61], "uv_size": [19, 1]},
								"up": {"uv": [107, 42], "uv_size": [2, 19]},
								"down": {"uv": [109, 61], "uv_size": [2, -19]}
							}
						},
						{
							"origin": [8.31825, 12.82081, 4.5646],
							"size": [1.61, 1.288, 8.65375],
							"uv": {
								"north": {"uv": [10, 55], "uv_size": [2, 1]},
								"east": {"uv": [0, 55], "uv_size": [10, 1]},
								"south": {"uv": [22, 55], "uv_size": [2, 1]},
								"west": {"uv": [12, 55], "uv_size": [10, 1]},
								"up": {"uv": [10, 45], "uv_size": [2, 10]},
								"down": {"uv": [12, 55], "uv_size": [2, -10]}
							}
						},
						{
							"origin": [8.31767, 12.24883, -0.59136],
							"size": [1.61117, 14.08867, 1.61117],
							"inflate": -0.003,
							"pivot": [9.12325, 21.82891, 1.42172],
							"rotation": [35, 0, 0],
							"uv": {
								"north": {"uv": [87, 123], "uv_size": [2, 17]},
								"east": {"uv": [85, 123], "uv_size": [2, 17]},
								"south": {"uv": [91, 123], "uv_size": [2, 17]},
								"west": {"uv": [89, 123], "uv_size": [2, 17]},
								"up": {"uv": [87, 121], "uv_size": [2, 2]},
								"down": {"uv": [89, 123], "uv_size": [2, -2]}
							}
						},
						{
							"origin": [8.31825, 19.91704, 1.01922],
							"size": [1.61, 5.635, 0.805],
							"pivot": [9.12325, 21.78866, 1.42172],
							"rotation": [35, 0, 0],
							"uv": {
								"north": {"uv": [1, 1], "uv_size": [2, 7]},
								"east": {"uv": [0, 1], "uv_size": [1, 7]},
								"south": {"uv": [4, 1], "uv_size": [2, 7]},
								"west": {"uv": [3, 1], "uv_size": [1, 7]},
								"up": {"uv": [1, 0], "uv_size": [2, 1]},
								"down": {"uv": [3, 1], "uv_size": [2, -1]}
							}
						},
						{
							"origin": [8.72075, 21.03127, 3.85956],
							"size": [0.805, 2.61625, 2.0125],
							"pivot": [9.12325, 22.33939, 4.26206],
							"rotation": [2.5, 0, 0],
							"uv": {
								"north": {"uv": [82, 72], "uv_size": [1, 3]},
								"east": {"uv": [80, 72], "uv_size": [2, 3]},
								"south": {"uv": [85, 72], "uv_size": [1, 3]},
								"west": {"uv": [83, 72], "uv_size": [2, 3]},
								"up": {"uv": [82, 70], "uv_size": [1, 2]},
								"down": {"uv": [83, 72], "uv_size": [1, -2]}
							}
						},
						{
							"origin": [8.31805, 20.73887, 5.50016],
							"size": [1.61039, 3.42164, 0.80539],
							"inflate": -0.001,
							"pivot": [9.12325, 22.04719, 5.90285],
							"rotation": [27.5, 0, 0],
							"uv": {
								"north": {"uv": [87, 17], "uv_size": [2, 4]},
								"east": {"uv": [86, 17], "uv_size": [1, 4]},
								"south": {"uv": [90, 17], "uv_size": [2, 4]},
								"west": {"uv": [89, 17], "uv_size": [1, 4]},
								"up": {"uv": [87, 16], "uv_size": [2, 1]},
								"down": {"uv": [89, 17], "uv_size": [2, -1]}
							}
						},
						{
							"origin": [7.71645, 15.76764, 7.07199],
							"size": [2.8136, 8.8511, 4.0211],
							"inflate": 0.01,
							"pivot": [9.12325, 19.79069, 9.08254],
							"rotation": [27.5, 0, 0],
							"uv": {
								"north": {"uv": [57, 75], "uv_size": [3, 11]},
								"east": {"uv": [52, 75], "uv_size": [5, 11]},
								"south": {"uv": [65, 75], "uv_size": [3, 11]},
								"west": {"uv": [60, 75], "uv_size": [5, 11]},
								"up": {"uv": [57, 70], "uv_size": [3, 5]},
								"down": {"uv": [60, 75], "uv_size": [3, -5]}
							}
						},
						{
							"origin": [7.7145, 15.29251, 11.39179],
							"size": [2.8175, 2.415, 0.805],
							"pivot": [9.12325, 19.72001, 8.97679],
							"rotation": [-42.5, 0, 0],
							"uv": {
								"north": {"uv": [53, 1], "uv_size": [3, 3]},
								"east": {"uv": [52, 1], "uv_size": [1, 3]},
								"south": {"uv": [57, 1], "uv_size": [3, 3]},
								"west": {"uv": [56, 1], "uv_size": [1, 3]},
								"up": {"uv": [53, 0], "uv_size": [3, 1]},
								"down": {"uv": [56, 1], "uv_size": [3, -1]}
							}
						},
						{
							"origin": [7.71645, 14.01257, 7.76477],
							"size": [2.8136, 0.8011, 3.2161],
							"inflate": 0.01,
							"uv": {
								"north": {"uv": [131, 125], "uv_size": [3, 1]},
								"east": {"uv": [127, 125], "uv_size": [4, 1]},
								"south": {"uv": [138, 125], "uv_size": [3, 1]},
								"west": {"uv": [134, 125], "uv_size": [4, 1]},
								"up": {"uv": [131, 121], "uv_size": [3, 4]},
								"down": {"uv": [134, 125], "uv_size": [3, -4]}
							}
						},
						{
							"origin": [7.71431, 14.81543, 8.56762],
							"size": [2.81789, 0.80539, 1.61039],
							"inflate": -0.001,
							"uv": {
								"north": {"uv": [114, 123], "uv_size": [3, 1]},
								"east": {"uv": [112, 123], "uv_size": [2, 1]},
								"south": {"uv": [119, 123], "uv_size": [3, 1]},
								"west": {"uv": [117, 123], "uv_size": [2, 1]},
								"up": {"uv": [114, 121], "uv_size": [3, 2]},
								"down": {"uv": [117, 123], "uv_size": [3, -2]}
							}
						},
						{
							"origin": [7.7145, 15.03451, 10.2347],
							"size": [2.8175, 3.22, 4.025],
							"pivot": [9.12325, 15.43701, 11.8447],
							"rotation": [45, 0, 0],
							"uv": {
								"north": {"uv": [112, 33], "uv_size": [3, 4]},
								"east": {"uv": [107, 33], "uv_size": [5, 4]},
								"south": {"uv": [120, 33], "uv_size": [3, 4]},
								"west": {"uv": [115, 33], "uv_size": [5, 4]},
								"up": {"uv": [112, 28], "uv_size": [3, 5]},
								"down": {"uv": [115, 33], "uv_size": [3, -5]}
							}
						},
						{
							"origin": [7.51325, 24.85945, -7.15807],
							"size": [3.22, 0.805, 15.295],
							"uv": {
								"north": {"uv": [71, 89], "uv_size": [4, 1]},
								"east": {"uv": [52, 89], "uv_size": [19, 1]},
								"south": {"uv": [94, 89], "uv_size": [4, 1]},
								"west": {"uv": [75, 89], "uv_size": [19, 1]},
								"up": {"uv": [71, 70], "uv_size": [4, 19]},
								"down": {"uv": [75, 89], "uv_size": [4, -19]}
							}
						},
						{
							"origin": [7.71431, 23.24926, 4.21236],
							"size": [2.81789, 3.22039, 4.02539],
							"inflate": -0.001,
							"pivot": [9.12325, 25.26195, 6.12443],
							"rotation": [27.5, 0, 0],
							"uv": {
								"north": {"uv": [53, 49], "uv_size": [3, 4]},
								"east": {"uv": [48, 49], "uv_size": [5, 4]},
								"south": {"uv": [61, 49], "uv_size": [3, 4]},
								"west": {"uv": [56, 49], "uv_size": [5, 4]},
								"up": {"uv": [53, 44], "uv_size": [3, 5]},
								"down": {"uv": [56, 49], "uv_size": [3, -5]}
							}
						},
						{
							"origin": [7.51325, 25.66445, 2.50193],
							"size": [3.22, 1.61, 5.635],
							"uv": {
								"north": {"uv": [58, 102], "uv_size": [4, 2]},
								"east": {"uv": [51, 102], "uv_size": [7, 2]},
								"south": {"uv": [69, 102], "uv_size": [4, 2]},
								"west": {"uv": [62, 102], "uv_size": [7, 2]},
								"up": {"uv": [58, 95], "uv_size": [4, 7]},
								"down": {"uv": [62, 102], "uv_size": [4, -7]}
							}
						},
						{
							"origin": [7.51325, 25.66445, 1.85793],
							"size": [3.22, 1.61, 0.805],
							"uv": {
								"north": {"uv": [67, 108], "uv_size": [4, 2]},
								"east": {"uv": [66, 108], "uv_size": [1, 2]},
								"south": {"uv": [72, 108], "uv_size": [4, 2]},
								"west": {"uv": [71, 108], "uv_size": [1, 2]},
								"up": {"uv": [67, 107], "uv_size": [4, 1]},
								"down": {"uv": [71, 108], "uv_size": [4, -1]}
							}
						},
						{
							"origin": [7.51325, 24.05445, 8.13693],
							"size": [3.22, 2.415, 4.025],
							"uv": {
								"north": {"uv": [44, 19], "uv_size": [4, 3]},
								"east": {"uv": [39, 19], "uv_size": [5, 3]},
								"south": {"uv": [53, 19], "uv_size": [4, 3]},
								"west": {"uv": [48, 19], "uv_size": [5, 3]},
								"up": {"uv": [44, 14], "uv_size": [4, 5]},
								"down": {"uv": [48, 19], "uv_size": [4, -5]}
							}
						},
						{
							"origin": [7.51325, 26.46945, 8.13693],
							"size": [3.22, 0.805, 6.44],
							"uv": {
								"north": {"uv": [100, 71], "uv_size": [4, 1]},
								"east": {"uv": [92, 71], "uv_size": [8, 1]},
								"south": {"uv": [112, 71], "uv_size": [4, 1]},
								"west": {"uv": [104, 71], "uv_size": [8, 1]},
								"up": {"uv": [100, 63], "uv_size": [4, 8]},
								"down": {"uv": [104, 71], "uv_size": [4, -8]}
							}
						},
						{
							"origin": [7.51325, 27.27445, 2.50193],
							"size": [3.22, 2.8175, 12.075],
							"uv": {
								"north": {"uv": [119, 78], "uv_size": [4, 3]},
								"east": {"uv": [104, 78], "uv_size": [15, 3]},
								"south": {"uv": [138, 78], "uv_size": [4, 3]},
								"west": {"uv": [123, 78], "uv_size": [15, 3]},
								"up": {"uv": [119, 63], "uv_size": [4, 15]},
								"down": {"uv": [123, 78], "uv_size": [4, -15]}
							}
						},
						{
							"origin": [7.51325, 30.09195, -10.35795],
							"size": [3.22, 0.805, 24.15],
							"uv": {
								"north": {"uv": [30, 30], "uv_size": [4, 1]},
								"east": {"uv": [0, 30], "uv_size": [30, 1]},
								"south": {"uv": [64, 30], "uv_size": [4, 1]},
								"west": {"uv": [34, 30], "uv_size": [30, 1]},
								"up": {"uv": [30, 0], "uv_size": [4, 30]},
								"down": {"uv": [34, 30], "uv_size": [4, -30]}
							}
						},
						{
							"origin": [7.51286, 29.92484, 13.38916],
							"size": [3.22078, 0.80578, 2.33528],
							"inflate": -0.002,
							"pivot": [9.12325, 30.32773, 13.79205],
							"rotation": [-45, 0, 0],
							"uv": {
								"north": {"uv": [56, 28], "uv_size": [4, 1]},
								"east": {"uv": [54, 28], "uv_size": [2, 1]},
								"south": {"uv": [62, 28], "uv_size": [4, 1]},
								"west": {"uv": [60, 28], "uv_size": [2, 1]},
								"up": {"uv": [56, 26], "uv_size": [4, 2]},
								"down": {"uv": [60, 28], "uv_size": [4, -2]}
							}
						},
						{
							"origin": [7.51325, 28.07945, -16.01307],
							"size": [3.22, 2.0125, 18.515],
							"uv": {
								"north": {"uv": [62, 23], "uv_size": [4, 2]},
								"east": {"uv": [39, 23], "uv_size": [23, 2]},
								"south": {"uv": [89, 23], "uv_size": [4, 2]},
								"west": {"uv": [66, 23], "uv_size": [23, 2]},
								"up": {"uv": [62, 0], "uv_size": [4, 23]},
								"down": {"uv": [66, 23], "uv_size": [4, -23]}
							}
						},
						{
							"origin": [7.51325, 24.85945, -16.01307],
							"size": [3.22, 3.22, 8.855],
							"uv": {
								"north": {"uv": [123, 52], "uv_size": [4, 4]},
								"east": {"uv": [112, 52], "uv_size": [11, 4]},
								"south": {"uv": [138, 52], "uv_size": [4, 4]},
								"west": {"uv": [127, 52], "uv_size": [11, 4]},
								"up": {"uv": [123, 41], "uv_size": [4, 11]},
								"down": {"uv": [127, 52], "uv_size": [4, -11]}
							}
						},
						{
							"origin": [7.11094, 28.16015, -24.06288],
							"size": [4.02461, 6.84211, 4.02461],
							"inflate": 0.001,
							"uv": {
								"north": {"uv": [5, 70], "uv_size": [5, 8]},
								"east": {"uv": [0, 70], "uv_size": [5, 8]},
								"south": {"uv": [15, 70], "uv_size": [5, 8]},
								"west": {"uv": [10, 70], "uv_size": [5, 8]},
								"up": {"uv": [5, 65], "uv_size": [5, 5]},
								"down": {"uv": [10, 70], "uv_size": [5, -5]}
							}
						},
						{
							"origin": [7.11075, 28.15995, -20.03807],
							"size": [4.025, 6.8425, 10.465],
							"uv": {
								"north": {"uv": [110, 13], "uv_size": [5, 8]},
								"east": {"uv": [97, 13], "uv_size": [13, 8]},
								"south": {"uv": [128, 13], "uv_size": [5, 8]},
								"west": {"uv": [115, 13], "uv_size": [13, 8]},
								"up": {"uv": [110, 0], "uv_size": [5, 13]},
								"down": {"uv": [115, 13], "uv_size": [5, -13]}
							}
						},
						{
							"origin": [8.117, 29.36745, -24.06307],
							"size": [2.8175, 2.8175, 4.025],
							"pivot": [9.12325, 30.3737, -22.05057],
							"rotation": [0, 0, -45],
							"uv": {
								"north": {"uv": [126, 5], "uv_size": [3, 3]},
								"east": {"uv": [121, 5], "uv_size": [5, 3]},
								"south": {"uv": [134, 5], "uv_size": [3, 3]},
								"west": {"uv": [129, 5], "uv_size": [5, 3]},
								"up": {"uv": [126, 0], "uv_size": [3, 5]},
								"down": {"uv": [129, 5], "uv_size": [3, -5]}
							}
						},
						{
							"origin": [7.11075, 33.79495, -21.64807],
							"size": [4.025, 1.2075, 1.61],
							"uv": {
								"north": {"uv": [41, 28], "uv_size": [5, 1]},
								"east": {"uv": [39, 28], "uv_size": [2, 1]},
								"south": {"uv": [48, 28], "uv_size": [5, 1]},
								"west": {"uv": [46, 28], "uv_size": [2, 1]},
								"up": {"uv": [41, 26], "uv_size": [5, 2]},
								"down": {"uv": [46, 28], "uv_size": [5, -2]}
							}
						},
						{
							"origin": [7.11075, 32.98995, -20.84307],
							"size": [4.025, 0.805, 0.805],
							"uv": {
								"north": {"uv": [98, 23], "uv_size": [5, 1]},
								"east": {"uv": [97, 23], "uv_size": [1, 1]},
								"south": {"uv": [104, 23], "uv_size": [5, 1]},
								"west": {"uv": [103, 23], "uv_size": [1, 1]},
								"up": {"uv": [98, 22], "uv_size": [5, 1]},
								"down": {"uv": [103, 23], "uv_size": [5, -1]}
							}
						},
						{
							"origin": [7.11056, 33.15648, -21.56777],
							"size": [4.02539, 0.80539, 1.12739],
							"inflate": -0.001,
							"pivot": [9.12325, 33.55917, -20.84307],
							"rotation": [-45, 0, 0],
							"uv": {
								"north": {"uv": [84, 1], "uv_size": [5, 1]},
								"east": {"uv": [83, 1], "uv_size": [1, 1]},
								"south": {"uv": [90, 1], "uv_size": [5, 1]},
								"west": {"uv": [89, 1], "uv_size": [1, 1]},
								"up": {"uv": [84, 0], "uv_size": [5, 1]},
								"down": {"uv": [89, 1], "uv_size": [5, -1]}
							}
						},
						{
							"origin": [7.11075, 30.17245, -9.57307],
							"size": [4.025, 4.83, 7.245],
							"uv": {
								"north": {"uv": [9, 9], "uv_size": [5, 6]},
								"east": {"uv": [0, 9], "uv_size": [9, 6]},
								"south": {"uv": [23, 9], "uv_size": [5, 6]},
								"west": {"uv": [14, 9], "uv_size": [9, 6]},
								"up": {"uv": [9, 0], "uv_size": [5, 9]},
								"down": {"uv": [14, 9], "uv_size": [5, -9]}
							}
						},
						{
							"origin": [7.51247, 24.20609, 11.37637],
							"size": [3.22156, 0.80656, 0.80656],
							"inflate": -0.004,
							"pivot": [9.12325, 26.42062, 10.16965],
							"rotation": [45, 0, 0],
							"uv": {
								"north": {"uv": [37, 82], "uv_size": [4, 1]},
								"east": {"uv": [36, 82], "uv_size": [1, 1]},
								"south": {"uv": [42, 82], "uv_size": [4, 1]},
								"west": {"uv": [41, 82], "uv_size": [1, 1]},
								"up": {"uv": [37, 81], "uv_size": [4, 1]},
								"down": {"uv": [41, 82], "uv_size": [4, -1]}
							}
						},
						{
							"origin": [7.51266, 24.92838, 11.09937],
							"size": [3.22117, 1.00742, 2.41617],
							"inflate": -0.003,
							"pivot": [9.12325, 25.33146, 12.30746],
							"rotation": [66.5, 0, 0],
							"uv": {
								"north": {"uv": [3, 60], "uv_size": [4, 1]},
								"east": {"uv": [0, 60], "uv_size": [3, 1]},
								"south": {"uv": [10, 60], "uv_size": [4, 1]},
								"west": {"uv": [7, 60], "uv_size": [3, 1]},
								"up": {"uv": [3, 57], "uv_size": [4, 3]},
								"down": {"uv": [7, 60], "uv_size": [4, -3]}
							}
						},
						{
							"origin": [7.51266, 27.94713, 13.91687],
							"size": [3.22117, 0.80617, 2.11429],
							"inflate": -0.003,
							"pivot": [9.12325, 28.14896, 14.74258],
							"rotation": [66.5, 0, 0],
							"uv": {
								"north": {"uv": [76, 63], "uv_size": [4, 1]},
								"east": {"uv": [74, 63], "uv_size": [2, 1]},
								"south": {"uv": [82, 63], "uv_size": [4, 1]},
								"west": {"uv": [80, 63], "uv_size": [2, 1]},
								"up": {"uv": [76, 61], "uv_size": [4, 2]},
								"down": {"uv": [80, 63], "uv_size": [4, -2]}
							}
						},
						{
							"origin": [7.71431, 24.05426, 6.92923],
							"size": [2.81789, 0.80539, 2.41539],
							"inflate": -0.001,
							"pivot": [9.12325, 25.66445, 9.34443],
							"rotation": [47.5, 0, 0],
							"uv": {
								"north": {"uv": [102, 31], "uv_size": [3, 1]},
								"east": {"uv": [99, 31], "uv_size": [3, 1]},
								"south": {"uv": [108, 31], "uv_size": [3, 1]},
								"west": {"uv": [105, 31], "uv_size": [3, 1]},
								"up": {"uv": [102, 28], "uv_size": [3, 3]},
								"down": {"uv": [105, 31], "uv_size": [3, -3]}
							}
						},
						{
							"origin": [7.51266, 25.36658, 0.6237],
							"size": [3.22117, 1.40992, 2.3558],
							"inflate": -0.003,
							"pivot": [9.12325, 26.37341, 1.77141],
							"rotation": [55, 0, 0],
							"uv": {
								"north": {"uv": [37, 60], "uv_size": [4, 1]},
								"east": {"uv": [35, 60], "uv_size": [2, 1]},
								"south": {"uv": [43, 60], "uv_size": [4, 1]},
								"west": {"uv": [41, 60], "uv_size": [2, 1]},
								"up": {"uv": [37, 58], "uv_size": [4, 2]},
								"down": {"uv": [41, 60], "uv_size": [4, -2]}
							}
						},
						{
							"origin": [7.51227, 26.97619, -0.50369],
							"size": [3.22195, 1.61195, 2.41695],
							"inflate": -0.005,
							"pivot": [9.12325, 26.37341, 1.79154],
							"rotation": [-50, 0, 0],
							"uv": {
								"north": {"uv": [107, 85], "uv_size": [4, 2]},
								"east": {"uv": [104, 85], "uv_size": [3, 2]},
								"south": {"uv": [114, 85], "uv_size": [4, 2]},
								"west": {"uv": [111, 85], "uv_size": [3, 2]},
								"up": {"uv": [107, 82], "uv_size": [4, 3]},
								"down": {"uv": [111, 85], "uv_size": [4, -3]}
							}
						}
					]
				},
				{
					"name": "barrel_bit_L",
					"parent": "gun",
					"pivot": [10.975, 25.25, -12],
					"cubes": [
						{
							"origin": [10.7735, 25.26195, -15.20807],
							"size": [0, 2.415, 6.44],
							"uv": {
								"north": {"uv": [72, 113], "uv_size": [0, 3]},
								"east": {"uv": [64, 113], "uv_size": [8, 3]},
								"south": {"uv": [80, 113], "uv_size": [0, 3]},
								"west": {"uv": [72, 113], "uv_size": [8, 3]},
								"up": {"uv": [72, 105], "uv_size": [0, 8]},
								"down": {"uv": [72, 113], "uv_size": [0, -8]}
							}
						}
					]
				},
				{
					"name": "barrel_bit_R",
					"parent": "gun",
					"pivot": [7.375, 25.25, -12],
					"cubes": [
						{
							"origin": [7.473, 25.26195, -15.20807],
							"size": [0, 2.415, 6.44],
							"uv": {
								"north": {"uv": [88, 78], "uv_size": [0, 3]},
								"east": {"uv": [80, 78], "uv_size": [8, 3]},
								"south": {"uv": [96, 78], "uv_size": [0, 3]},
								"west": {"uv": [88, 78], "uv_size": [8, 3]},
								"up": {"uv": [88, 70], "uv_size": [0, 8]},
								"down": {"uv": [88, 78], "uv_size": [0, -8]}
							}
						}
					]
				},
				{
					"name": "transform1",
					"parent": "gun",
					"pivot": [9.13, 15.94458, -1.18019],
					"cubes": [
						{
							"origin": [7.91575, 16.07316, -8.64078],
							"size": [2.415, 6.44, 2.415],
							"pivot": [9.12325, 21.82891, -5.82328],
							"rotation": [35, 0, 0],
							"uv": {
								"north": {"uv": [36, 98], "uv_size": [3, 8]},
								"east": {"uv": [33, 98], "uv_size": [3, 8]},
								"south": {"uv": [42, 98], "uv_size": [3, 8]},
								"west": {"uv": [39, 98], "uv_size": [3, 8]},
								"up": {"uv": [36, 95], "uv_size": [3, 3]},
								"down": {"uv": [39, 98], "uv_size": [3, -3]}
							}
						},
						{
							"origin": [7.51306, 20.90297, -11.86097],
							"size": [3.22039, 2.41539, 2.41539],
							"inflate": -0.001,
							"pivot": [9.12325, 23.43891, -9.04328],
							"rotation": [35, 0, 0],
							"uv": {
								"north": {"uv": [74, 19], "uv_size": [4, 3]},
								"east": {"uv": [71, 19], "uv_size": [3, 3]},
								"south": {"uv": [81, 19], "uv_size": [4, 3]},
								"west": {"uv": [78, 19], "uv_size": [3, 3]},
								"up": {"uv": [74, 16], "uv_size": [4, 3]},
								"down": {"uv": [78, 19], "uv_size": [4, -3]}
							}
						},
						{
							"origin": [7.91477, 15.49737, -4.83146],
							"size": [2.41695, 1.39057, 2.4572],
							"inflate": -0.005,
							"uv": {
								"north": {"uv": [29, 84], "uv_size": [3, 1]},
								"east": {"uv": [26, 84], "uv_size": [3, 1]},
								"south": {"uv": [35, 84], "uv_size": [3, 1]},
								"west": {"uv": [32, 84], "uv_size": [3, 1]},
								"up": {"uv": [29, 81], "uv_size": [3, 3]},
								"down": {"uv": [32, 84], "uv_size": [3, -3]}
							}
						},
						{
							"origin": [7.51442, 19.74887, -9.8939],
							"size": [3.21766, 1.88941, 7.56466],
							"inflate": 0.006,
							"uv": {
								"north": {"uv": [44, 41], "uv_size": [4, 2]},
								"east": {"uv": [35, 41], "uv_size": [9, 2]},
								"south": {"uv": [57, 41], "uv_size": [4, 2]},
								"west": {"uv": [48, 41], "uv_size": [9, 2]},
								"up": {"uv": [44, 32], "uv_size": [4, 9]},
								"down": {"uv": [48, 41], "uv_size": [4, -9]}
							}
						},
						{
							"origin": [7.51403, 21.64023, -21.64729],
							"size": [3.21844, 3.21844, 20.92844],
							"inflate": 0.004,
							"uv": {
								"north": {"uv": [65, 65], "uv_size": [4, 4]},
								"east": {"uv": [39, 65], "uv_size": [26, 4]},
								"south": {"uv": [95, 65], "uv_size": [4, 4]},
								"west": {"uv": [69, 65], "uv_size": [26, 4]},
								"up": {"uv": [65, 39], "uv_size": [4, 26]},
								"down": {"uv": [69, 65], "uv_size": [4, -26]}
							}
						},
						{
							"origin": [7.5152, 12.84163, -0.56494],
							"size": [0.8011, 2.4111, 5.12798],
							"inflate": 0.01,
							"uv": {
								"north": {"uv": [21, 51], "uv_size": [1, 3]},
								"east": {"uv": [15, 51], "uv_size": [6, 3]},
								"south": {"uv": [28, 51], "uv_size": [1, 3]},
								"west": {"uv": [22, 51], "uv_size": [6, 3]},
								"up": {"uv": [21, 45], "uv_size": [1, 6]},
								"down": {"uv": [22, 51], "uv_size": [1, -6]}
							}
						},
						{
							"origin": [9.92806, 13.97997, -3.48897],
							"size": [0.80539, 8.85539, 1.61039],
							"inflate": -0.001,
							"pivot": [9.92825, 21.82891, -1.51653],
							"rotation": [35, 0, 0],
							"uv": {
								"north": {"uv": [9, 134], "uv_size": [1, 11]},
								"east": {"uv": [7, 134], "uv_size": [2, 11]},
								"south": {"uv": [12, 134], "uv_size": [1, 11]},
								"west": {"uv": [10, 134], "uv_size": [2, 11]},
								"up": {"uv": [9, 132], "uv_size": [1, 2]},
								"down": {"uv": [10, 134], "uv_size": [1, -2]}
							}
						},
						{
							"origin": [9.92806, 23.51922, 1.01903],
							"size": [0.80539, 2.01289, 0.80539],
							"inflate": -0.001,
							"pivot": [9.92825, 21.82891, 1.42172],
							"rotation": [35, 0, 0],
							"uv": {
								"north": {"uv": [54, 33], "uv_size": [1, 2]},
								"east": {"uv": [53, 33], "uv_size": [1, 2]},
								"south": {"uv": [56, 33], "uv_size": [1, 2]},
								"west": {"uv": [55, 33], "uv_size": [1, 2]},
								"up": {"uv": [54, 32], "uv_size": [1, 1]},
								"down": {"uv": [55, 33], "uv_size": [1, -1]}
							}
						},
						{
							"origin": [9.92786, 21.43267, -0.0239],
							"size": [0.80578, 2.01328, 0.80578],
							"inflate": -0.002,
							"uv": {
								"north": {"uv": [49, 45], "uv_size": [1, 2]},
								"east": {"uv": [48, 45], "uv_size": [1, 2]},
								"south": {"uv": [51, 45], "uv_size": [1, 2]},
								"west": {"uv": [50, 45], "uv_size": [1, 2]},
								"up": {"uv": [49, 44], "uv_size": [1, 1]},
								"down": {"uv": [50, 45], "uv_size": [1, -1]}
							}
						},
						{
							"origin": [9.92845, 12.83988, -0.56669],
							"size": [0.80461, 2.41461, 5.13148],
							"inflate": 0.001,
							"uv": {
								"north": {"uv": [130, 111], "uv_size": [1, 3]},
								"east": {"uv": [124, 111], "uv_size": [6, 3]},
								"south": {"uv": [137, 111], "uv_size": [1, 3]},
								"west": {"uv": [131, 111], "uv_size": [6, 3]},
								"up": {"uv": [130, 105], "uv_size": [1, 6]},
								"down": {"uv": [131, 111], "uv_size": [1, -6]}
							}
						},
						{
							"origin": [7.51286, 13.43849, 3.9798],
							"size": [0.80578, 0.80578, 2.21453],
							"inflate": -0.002,
							"pivot": [7.51325, 13.84138, 4.98644],
							"rotation": [45, 0, 0],
							"uv": {
								"north": {"uv": [50, 60], "uv_size": [1, 1]},
								"east": {"uv": [48, 60], "uv_size": [2, 1]},
								"south": {"uv": [53, 60], "uv_size": [1, 1]},
								"west": {"uv": [51, 60], "uv_size": [2, 1]},
								"up": {"uv": [50, 58], "uv_size": [1, 2]},
								"down": {"uv": [51, 60], "uv_size": [1, -2]}
							}
						},
						{
							"origin": [7.51286, 21.43267, -0.0239],
							"size": [0.80578, 2.01328, 0.80578],
							"inflate": -0.002,
							"uv": {
								"north": {"uv": [26, 33], "uv_size": [1, 2]},
								"east": {"uv": [25, 33], "uv_size": [1, 2]},
								"south": {"uv": [28, 33], "uv_size": [1, 2]},
								"west": {"uv": [27, 33], "uv_size": [1, 2]},
								"up": {"uv": [26, 32], "uv_size": [1, 1]},
								"down": {"uv": [27, 33], "uv_size": [1, -1]}
							}
						},
						{
							"origin": [7.51306, 23.51922, 1.01903],
							"size": [0.80539, 2.01289, 0.80539],
							"inflate": -0.001,
							"pivot": [7.51325, 21.82891, 1.42172],
							"rotation": [35, 0, 0],
							"uv": {
								"north": {"uv": [40, 15], "uv_size": [1, 2]},
								"east": {"uv": [39, 15], "uv_size": [1, 2]},
								"south": {"uv": [42, 15], "uv_size": [1, 2]},
								"west": {"uv": [41, 15], "uv_size": [1, 2]},
								"up": {"uv": [40, 14], "uv_size": [1, 1]},
								"down": {"uv": [41, 15], "uv_size": [1, -1]}
							}
						},
						{
							"origin": [7.51306, 13.05422, -1.39597],
							"size": [0.80539, 12.47789, 2.41539],
							"inflate": -0.001,
							"pivot": [7.51325, 21.82891, 1.42172],
							"rotation": [35, 0, 0],
							"uv": {
								"north": {"uv": [124, 95], "uv_size": [1, 15]},
								"east": {"uv": [121, 95], "uv_size": [3, 15]},
								"south": {"uv": [128, 95], "uv_size": [1, 15]},
								"west": {"uv": [125, 95], "uv_size": [3, 15]},
								"up": {"uv": [124, 92], "uv_size": [1, 3]},
								"down": {"uv": [125, 95], "uv_size": [1, -3]}
							}
						},
						{
							"origin": [7.51306, 13.97997, -3.48897],
							"size": [0.80539, 8.85539, 1.61039],
							"inflate": -0.001,
							"pivot": [7.51325, 21.82891, -1.51653],
							"rotation": [35, 0, 0],
							"uv": {
								"north": {"uv": [133, 132], "uv_size": [1, 11]},
								"east": {"uv": [131, 132], "uv_size": [2, 11]},
								"south": {"uv": [136, 132], "uv_size": [1, 11]},
								"west": {"uv": [134, 132], "uv_size": [2, 11]},
								"up": {"uv": [133, 130], "uv_size": [1, 2]},
								"down": {"uv": [134, 132], "uv_size": [1, -2]}
							}
						},
						{
							"origin": [7.51306, 12.85297, -6.22597],
							"size": [0.80539, 9.66039, 2.41539],
							"inflate": -0.001,
							"pivot": [7.51325, 21.82891, -3.40828],
							"rotation": [35, 0, 0],
							"uv": {
								"north": {"uv": [48, 127], "uv_size": [1, 12]},
								"east": {"uv": [45, 127], "uv_size": [3, 12]},
								"south": {"uv": [52, 127], "uv_size": [1, 12]},
								"west": {"uv": [49, 127], "uv_size": [3, 12]},
								"up": {"uv": [48, 124], "uv_size": [1, 3]},
								"down": {"uv": [49, 127], "uv_size": [1, -3]}
							}
						},
						{
							"origin": [8.31805, 12.85297, -6.22597],
							"size": [1.61039, 9.66039, 0.88589],
							"inflate": -0.001,
							"pivot": [9.92825, 21.82891, -3.40828],
							"rotation": [35, 0, 0],
							"uv": {
								"north": {"uv": [1, 133], "uv_size": [2, 12]},
								"east": {"uv": [0, 133], "uv_size": [1, 12]},
								"south": {"uv": [4, 133], "uv_size": [2, 12]},
								"west": {"uv": [3, 133], "uv_size": [1, 12]},
								"up": {"uv": [1, 132], "uv_size": [2, 1]},
								"down": {"uv": [3, 133], "uv_size": [2, -1]}
							}
						},
						{
							"origin": [9.92806, 13.05422, -1.39597],
							"size": [0.80539, 12.47789, 2.41539],
							"inflate": -0.001,
							"pivot": [9.92825, 21.82891, 1.42172],
							"rotation": [35, 0, 0],
							"uv": {
								"north": {"uv": [97, 124], "uv_size": [1, 15]},
								"east": {"uv": [94, 124], "uv_size": [3, 15]},
								"south": {"uv": [101, 124], "uv_size": [1, 15]},
								"west": {"uv": [98, 124], "uv_size": [3, 15]},
								"up": {"uv": [97, 121], "uv_size": [1, 3]},
								"down": {"uv": [98, 124], "uv_size": [1, -3]}
							}
						},
						{
							"origin": [9.92786, 13.43849, 3.9798],
							"size": [0.80578, 0.80578, 2.21453],
							"inflate": -0.002,
							"pivot": [9.92825, 13.84138, 4.98644],
							"rotation": [45, 0, 0],
							"uv": {
								"north": {"uv": [68, 37], "uv_size": [1, 1]},
								"east": {"uv": [66, 37], "uv_size": [2, 1]},
								"south": {"uv": [71, 37], "uv_size": [1, 1]},
								"west": {"uv": [69, 37], "uv_size": [2, 1]},
								"up": {"uv": [68, 35], "uv_size": [1, 2]},
								"down": {"uv": [69, 37], "uv_size": [1, -2]}
							}
						},
						{
							"origin": [9.92786, 12.85277, -6.22617],
							"size": [0.80578, 9.66078, 2.41578],
							"inflate": -0.002,
							"pivot": [9.92825, 21.82891, -3.40828],
							"rotation": [35, 0, 0],
							"uv": {
								"north": {"uv": [130, 25], "uv_size": [1, 12]},
								"east": {"uv": [127, 25], "uv_size": [3, 12]},
								"south": {"uv": [134, 25], "uv_size": [1, 12]},
								"west": {"uv": [131, 25], "uv_size": [3, 12]},
								"up": {"uv": [130, 22], "uv_size": [1, 3]},
								"down": {"uv": [131, 25], "uv_size": [1, -3]}
							}
						}
					]
				},
				{
					"name": "transform2",
					"parent": "transform1",
					"pivot": [9.175, 23.25, -20.25],
					"cubes": [
						{
							"origin": [9.92806, 18.64897, -15.00047],
							"size": [0.80539, 3.22039, 3.22039],
							"inflate": -0.001,
							"pivot": [9.12325, 21.98991, -11.37778],
							"rotation": [35, 0, 0],
							"uv": {
								"north": {"uv": [134, 96], "uv_size": [1, 4]},
								"east": {"uv": [130, 96], "uv_size": [4, 4]},
								"south": {"uv": [139, 96], "uv_size": [1, 4]},
								"west": {"uv": [135, 96], "uv_size": [4, 4]},
								"up": {"uv": [134, 92], "uv_size": [1, 4]},
								"down": {"uv": [135, 96], "uv_size": [1, -4]}
							}
						},
						{
							"origin": [7.51306, 20.41997, -20.8971],
							"size": [3.22039, 1.61039, 0.80539],
							"inflate": -0.001,
							"pivot": [9.12325, 22.15091, -19.6894],
							"rotation": [35, 0, 0],
							"uv": {
								"north": {"uv": [111, 23], "uv_size": [4, 2]},
								"east": {"uv": [110, 23], "uv_size": [1, 2]},
								"south": {"uv": [116, 23], "uv_size": [4, 2]},
								"west": {"uv": [115, 23], "uv_size": [1, 2]},
								"up": {"uv": [111, 22], "uv_size": [4, 1]},
								"down": {"uv": [115, 23], "uv_size": [4, -1]}
							}
						},
						{
							"origin": [7.51306, 20.93066, -22.03177],
							"size": [3.22039, 1.61039, 0.80539],
							"inflate": -0.001,
							"pivot": [9.12325, 21.73585, -21.62908],
							"rotation": [-30, 0, 0],
							"uv": {
								"north": {"uv": [103, 74], "uv_size": [4, 2]},
								"east": {"uv": [102, 74], "uv_size": [1, 2]},
								"south": {"uv": [108, 74], "uv_size": [4, 2]},
								"west": {"uv": [107, 74], "uv_size": [1, 2]},
								"up": {"uv": [103, 73], "uv_size": [4, 1]},
								"down": {"uv": [107, 74], "uv_size": [4, -1]}
							}
						},
						{
							"origin": [9.92806, 15.67047, -8.94285],
							"size": [0.80539, 4.02539, 0.80539],
							"inflate": -0.001,
							"pivot": [9.12325, 19.81641, -7.73515],
							"rotation": [35, 0, 0],
							"uv": {
								"north": {"uv": [1, 91], "uv_size": [1, 5]},
								"east": {"uv": [0, 91], "uv_size": [1, 5]},
								"south": {"uv": [3, 91], "uv_size": [1, 5]},
								"west": {"uv": [2, 91], "uv_size": [1, 5]},
								"up": {"uv": [1, 90], "uv_size": [1, 1]},
								"down": {"uv": [2, 91], "uv_size": [1, -1]}
							}
						},
						{
							"origin": [9.92767, 16.47508, -9.94949],
							"size": [0.80617, 3.22117, 1.00742],
							"inflate": -0.003,
							"pivot": [9.12325, 19.81641, -7.73515],
							"rotation": [35, 0, 0],
							"uv": {
								"north": {"uv": [25, 46], "uv_size": [1, 4]},
								"east": {"uv": [24, 46], "uv_size": [1, 4]},
								"south": {"uv": [27, 46], "uv_size": [1, 4]},
								"west": {"uv": [26, 46], "uv_size": [1, 4]},
								"up": {"uv": [25, 45], "uv_size": [1, 1]},
								"down": {"uv": [26, 46], "uv_size": [1, -1]}
							}
						},
						{
							"origin": [9.92786, 11.57861, -14.55099],
							"size": [0.80578, 5.63578, 3.22078],
							"inflate": -0.002,
							"pivot": [9.12325, 14.3965, -11.7331],
							"rotation": [-40, 0, 0],
							"uv": {
								"north": {"uv": [132, 63], "uv_size": [1, 7]},
								"east": {"uv": [128, 63], "uv_size": [4, 7]},
								"south": {"uv": [137, 63], "uv_size": [1, 7]},
								"west": {"uv": [133, 63], "uv_size": [4, 7]},
								"up": {"uv": [132, 59], "uv_size": [1, 4]},
								"down": {"uv": [133, 63], "uv_size": [1, -4]}
							}
						},
						{
							"origin": [9.92825, 20.02945, -19.67582],
							"size": [0.805, 2.415, 8.05],
							"uv": {
								"north": {"uv": [45, 54], "uv_size": [1, 3]},
								"east": {"uv": [35, 54], "uv_size": [10, 3]},
								"south": {"uv": [56, 54], "uv_size": [1, 3]},
								"west": {"uv": [46, 54], "uv_size": [10, 3]},
								"up": {"uv": [45, 44], "uv_size": [1, 10]},
								"down": {"uv": [46, 54], "uv_size": [1, -10]}
							}
						},
						{
							"origin": [7.51325, 20.02945, -19.67582],
							"size": [0.805, 2.415, 8.05],
							"uv": {
								"north": {"uv": [49, 10], "uv_size": [1, 3]},
								"east": {"uv": [39, 10], "uv_size": [10, 3]},
								"south": {"uv": [60, 10], "uv_size": [1, 3]},
								"west": {"uv": [50, 10], "uv_size": [10, 3]},
								"up": {"uv": [49, 0], "uv_size": [1, 10]},
								"down": {"uv": [50, 10], "uv_size": [1, -10]}
							}
						},
						{
							"origin": [8.31825, 20.02945, -19.67582],
							"size": [1.61, 0.805, 2.415],
							"uv": {
								"north": {"uv": [13, 82], "uv_size": [2, 1]},
								"east": {"uv": [10, 82], "uv_size": [3, 1]},
								"south": {"uv": [18, 82], "uv_size": [2, 1]},
								"west": {"uv": [15, 82], "uv_size": [3, 1]},
								"up": {"uv": [13, 79], "uv_size": [2, 3]},
								"down": {"uv": [15, 82], "uv_size": [2, -3]}
							}
						},
						{
							"origin": [9.92883, 11.98004, -17.26024],
							"size": [0.80383, 8.04883, 4.02383],
							"inflate": 0.003,
							"uv": {
								"north": {"uv": [77, 126], "uv_size": [1, 10]},
								"east": {"uv": [72, 126], "uv_size": [5, 10]},
								"south": {"uv": [83, 126], "uv_size": [1, 10]},
								"west": {"uv": [78, 126], "uv_size": [5, 10]},
								"up": {"uv": [77, 121], "uv_size": [1, 5]},
								"down": {"uv": [78, 126], "uv_size": [1, -5]}
							}
						},
						{
							"origin": [9.92923, 16.00543, -13.23485],
							"size": [0.80305, 3.21805, 5.23055],
							"inflate": 0.005,
							"uv": {
								"north": {"uv": [109, 127], "uv_size": [1, 4]},
								"east": {"uv": [103, 127], "uv_size": [6, 4]},
								"south": {"uv": [116, 127], "uv_size": [1, 4]},
								"west": {"uv": [110, 127], "uv_size": [6, 4]},
								"up": {"uv": [109, 121], "uv_size": [1, 6]},
								"down": {"uv": [110, 127], "uv_size": [1, -6]}
							}
						},
						{
							"origin": [9.92786, 18.70081, -12.43121],
							"size": [0.80578, 0.80578, 4.42828],
							"inflate": -0.002,
							"uv": {
								"north": {"uv": [133, 76], "uv_size": [1, 1]},
								"east": {"uv": [128, 76], "uv_size": [5, 1]},
								"south": {"uv": [139, 76], "uv_size": [1, 1]},
								"west": {"uv": [134, 76], "uv_size": [5, 1]},
								"up": {"uv": [133, 71], "uv_size": [1, 5]},
								"down": {"uv": [134, 76], "uv_size": [1, -5]}
							}
						},
						{
							"origin": [9.92786, 15.72775, -10.77326],
							"size": [0.80578, 0.80578, 4.42828],
							"inflate": -0.002,
							"uv": {
								"north": {"uv": [133, 87], "uv_size": [1, 1]},
								"east": {"uv": [128, 87], "uv_size": [5, 1]},
								"south": {"uv": [139, 87], "uv_size": [1, 1]},
								"west": {"uv": [134, 87], "uv_size": [5, 1]},
								"up": {"uv": [133, 82], "uv_size": [1, 5]},
								"down": {"uv": [134, 87], "uv_size": [1, -5]}
							}
						},
						{
							"origin": [7.51286, 11.57861, -14.55099],
							"size": [0.80578, 5.63578, 3.22078],
							"inflate": -0.002,
							"pivot": [6.70825, 14.3965, -11.7331],
							"rotation": [-40, 0, 0],
							"uv": {
								"north": {"uv": [101, 4], "uv_size": [1, 7]},
								"east": {"uv": [97, 4], "uv_size": [4, 7]},
								"south": {"uv": [106, 4], "uv_size": [1, 7]},
								"west": {"uv": [102, 4], "uv_size": [4, 7]},
								"up": {"uv": [101, 0], "uv_size": [1, 4]},
								"down": {"uv": [102, 4], "uv_size": [1, -4]}
							}
						},
						{
							"origin": [7.51383, 11.98004, -17.26024],
							"size": [0.80383, 8.04883, 4.02383],
							"inflate": 0.003,
							"uv": {
								"north": {"uv": [64, 126], "uv_size": [1, 10]},
								"east": {"uv": [59, 126], "uv_size": [5, 10]},
								"south": {"uv": [70, 126], "uv_size": [1, 10]},
								"west": {"uv": [65, 126], "uv_size": [5, 10]},
								"up": {"uv": [64, 121], "uv_size": [1, 5]},
								"down": {"uv": [65, 126], "uv_size": [1, -5]}
							}
						},
						{
							"origin": [8.31825, 11.97945, -17.26082],
							"size": [1.61, 8.05, 2.415],
							"uv": {
								"north": {"uv": [37, 127], "uv_size": [2, 10]},
								"east": {"uv": [34, 127], "uv_size": [3, 10]},
								"south": {"uv": [42, 127], "uv_size": [2, 10]},
								"west": {"uv": [39, 127], "uv_size": [3, 10]},
								"up": {"uv": [37, 124], "uv_size": [2, 3]},
								"down": {"uv": [39, 127], "uv_size": [2, -3]}
							}
						},
						{
							"origin": [7.51423, 16.00543, -13.23485],
							"size": [0.80305, 3.21805, 5.23055],
							"inflate": 0.005,
							"uv": {
								"north": {"uv": [124, 127], "uv_size": [1, 4]},
								"east": {"uv": [118, 127], "uv_size": [6, 4]},
								"south": {"uv": [131, 127], "uv_size": [1, 4]},
								"west": {"uv": [125, 127], "uv_size": [6, 4]},
								"up": {"uv": [124, 121], "uv_size": [1, 6]},
								"down": {"uv": [125, 127], "uv_size": [1, -6]}
							}
						},
						{
							"origin": [7.51286, 15.72775, -10.77326],
							"size": [0.80578, 0.80578, 4.42828],
							"inflate": -0.002,
							"uv": {
								"north": {"uv": [58, 37], "uv_size": [1, 1]},
								"east": {"uv": [53, 37], "uv_size": [5, 1]},
								"south": {"uv": [64, 37], "uv_size": [1, 1]},
								"west": {"uv": [59, 37], "uv_size": [5, 1]},
								"up": {"uv": [58, 32], "uv_size": [1, 5]},
								"down": {"uv": [59, 37], "uv_size": [1, -5]}
							}
						},
						{
							"origin": [7.51306, 15.67047, -8.94285],
							"size": [0.80539, 4.02539, 0.80539],
							"inflate": -0.001,
							"pivot": [6.70825, 19.81641, -7.73515],
							"rotation": [35, 0, 0],
							"uv": {
								"north": {"uv": [89, 4], "uv_size": [1, 5]},
								"east": {"uv": [88, 4], "uv_size": [1, 5]},
								"south": {"uv": [91, 4], "uv_size": [1, 5]},
								"west": {"uv": [90, 4], "uv_size": [1, 5]},
								"up": {"uv": [89, 3], "uv_size": [1, 1]},
								"down": {"uv": [90, 4], "uv_size": [1, -1]}
							}
						},
						{
							"origin": [7.51266, 16.47508, -9.94949],
							"size": [0.80617, 3.22117, 1.00742],
							"inflate": -0.003,
							"pivot": [6.70825, 19.81641, -7.73515],
							"rotation": [35, 0, 0],
							"uv": {
								"north": {"uv": [16, 46], "uv_size": [1, 4]},
								"east": {"uv": [15, 46], "uv_size": [1, 4]},
								"south": {"uv": [18, 46], "uv_size": [1, 4]},
								"west": {"uv": [17, 46], "uv_size": [1, 4]},
								"up": {"uv": [16, 45], "uv_size": [1, 1]},
								"down": {"uv": [17, 46], "uv_size": [1, -1]}
							}
						},
						{
							"origin": [7.51286, 18.70081, -12.43121],
							"size": [0.80578, 0.80578, 4.42828],
							"inflate": -0.002,
							"uv": {
								"north": {"uv": [15, 128], "uv_size": [1, 1]},
								"east": {"uv": [10, 128], "uv_size": [5, 1]},
								"south": {"uv": [21, 128], "uv_size": [1, 1]},
								"west": {"uv": [16, 128], "uv_size": [5, 1]},
								"up": {"uv": [15, 123], "uv_size": [1, 5]},
								"down": {"uv": [16, 128], "uv_size": [1, -5]}
							}
						},
						{
							"origin": [7.51306, 18.64897, -15.00047],
							"size": [0.80539, 3.22039, 3.22039],
							"inflate": -0.001,
							"pivot": [6.70825, 21.98991, -11.37778],
							"rotation": [35, 0, 0],
							"uv": {
								"north": {"uv": [116, 45], "uv_size": [1, 4]},
								"east": {"uv": [112, 45], "uv_size": [4, 4]},
								"south": {"uv": [121, 45], "uv_size": [1, 4]},
								"west": {"uv": [117, 45], "uv_size": [4, 4]},
								"up": {"uv": [116, 41], "uv_size": [1, 4]},
								"down": {"uv": [117, 45], "uv_size": [1, -4]}
							}
						},
						{
							"origin": [7.51325, 20.83445, -21.68832],
							"size": [3.22, 1.61, 2.0125],
							"uv": {
								"north": {"uv": [17, 59], "uv_size": [4, 2]},
								"east": {"uv": [15, 59], "uv_size": [2, 2]},
								"south": {"uv": [23, 59], "uv_size": [4, 2]},
								"west": {"uv": [21, 59], "uv_size": [2, 2]},
								"up": {"uv": [17, 57], "uv_size": [4, 2]},
								"down": {"uv": [21, 59], "uv_size": [4, -2]}
							}
						}
					]
				},
				{
					"name": "metal_mag_bit",
					"parent": "transform1",
					"pivot": [6.175, 18.5, -11.05],
					"cubes": [
						{
							"origin": [8.117, 13.56933, -15.04707],
							"size": [2.0125, 12.075, 10.465],
							"uv": {
								"north": {"uv": [46, 106], "uv_size": [2, 15]},
								"east": {"uv": [33, 106], "uv_size": [13, 15]},
								"south": {"uv": [61, 106], "uv_size": [2, 15]},
								"west": {"uv": [48, 106], "uv_size": [13, 15]},
								"up": {"uv": [63, 105], "uv_size": [2, 13]},
								"down": {"uv": [63, 118], "uv_size": [2, -13]}
							}
						}
					]
				},
				{
					"name": "stock",
					"parent": "gun",
					"pivot": [9.175, 25, 28.25]
				},
				{
					"name": "stockSegment1",
					"parent": "stock",
					"pivot": [9.175, 27.43379, 24.6571],
					"cubes": [
						{
							"origin": [9.26536, 29.40767, 13.17569],
							"size": [1.14752, 0.80539, 5.63539],
							"inflate": -0.001,
							"pivot": [9.66806, 30.01162, 16.79839],
							"rotation": [0, 0, 45],
							"uv": {
								"north": {"uv": [24, 130], "uv_size": [1, 1]},
								"east": {"uv": [17, 130], "uv_size": [7, 1]},
								"south": {"uv": [32, 130], "uv_size": [1, 1]},
								"west": {"uv": [25, 130], "uv_size": [7, 1]},
								"up": {"uv": [24, 123], "uv_size": [1, 7]},
								"down": {"uv": [25, 130], "uv_size": [1, -7]}
							}
						},
						{
							"origin": [8.72075, 29.63353, 13.17589],
							"size": [0.805, 0.805, 5.635],
							"uv": {
								"north": {"uv": [7, 130], "uv_size": [1, 1]},
								"east": {"uv": [0, 130], "uv_size": [7, 1]},
								"south": {"uv": [15, 130], "uv_size": [1, 1]},
								"west": {"uv": [8, 130], "uv_size": [7, 1]},
								"up": {"uv": [7, 123], "uv_size": [1, 7]},
								"down": {"uv": [8, 130], "uv_size": [1, -7]}
							}
						},
						{
							"origin": [7.83362, 29.40767, 13.17569],
							"size": [1.14752, 0.80539, 5.63539],
							"inflate": -0.001,
							"pivot": [8.57844, 30.01162, 16.79839],
							"rotation": [0, 0, -45],
							"uv": {
								"north": {"uv": [69, 33], "uv_size": [1, 1]},
								"east": {"uv": [62, 33], "uv_size": [7, 1]},
								"south": {"uv": [77, 33], "uv_size": [1, 1]},
								"west": {"uv": [70, 33], "uv_size": [7, 1]},
								"up": {"uv": [69, 26], "uv_size": [1, 7]},
								"down": {"uv": [70, 33], "uv_size": [1, -7]}
							}
						},
						{
							"origin": [7.91575, 28.82853, 15.59089],
							"size": [2.415, 0.805, 3.22],
							"uv": {
								"north": {"uv": [84, 86], "uv_size": [3, 1]},
								"east": {"uv": [80, 86], "uv_size": [4, 1]},
								"south": {"uv": [91, 86], "uv_size": [3, 1]},
								"west": {"uv": [87, 86], "uv_size": [4, 1]},
								"up": {"uv": [84, 82], "uv_size": [3, 4]},
								"down": {"uv": [87, 86], "uv_size": [3, -4]}
							}
						},
						{
							"origin": [7.91556, 27.80982, 14.8192],
							"size": [2.41539, 1.12739, 2.41539],
							"inflate": -0.001,
							"pivot": [9.12325, 28.21252, 16.0269],
							"rotation": [51.5, 0, 0],
							"uv": {
								"north": {"uv": [92, 76], "uv_size": [3, 1]},
								"east": {"uv": [89, 76], "uv_size": [3, 1]},
								"south": {"uv": [98, 76], "uv_size": [3, 1]},
								"west": {"uv": [95, 76], "uv_size": [3, 1]},
								"up": {"uv": [92, 73], "uv_size": [3, 3]},
								"down": {"uv": [95, 76], "uv_size": [3, -3]}
							}
						},
						{
							"origin": [7.91575, 27.01728, 13.17589],
							"size": [2.415, 2.61625, 2.415],
							"uv": {
								"north": {"uv": [135, 44], "uv_size": [3, 3]},
								"east": {"uv": [132, 44], "uv_size": [3, 3]},
								"south": {"uv": [141, 44], "uv_size": [3, 3]},
								"west": {"uv": [138, 44], "uv_size": [3, 3]},
								"up": {"uv": [135, 41], "uv_size": [3, 3]},
								"down": {"uv": [138, 44], "uv_size": [3, -3]}
							}
						}
					]
				},
				{
					"name": "stockSegment2",
					"parent": "stock",
					"pivot": [9.175, 26.66701, 38.07718],
					"cubes": [
						{
							"origin": [9.26536, 29.20642, 18.00569],
							"size": [0.94627, 0.80539, 13.68539],
							"inflate": -0.001,
							"pivot": [9.66806, 29.81037, 22.43339],
							"rotation": [0, 0, 45],
							"uv": {
								"north": {"uv": [124, 39], "uv_size": [1, 1]},
								"east": {"uv": [107, 39], "uv_size": [17, 1]},
								"south": {"uv": [142, 39], "uv_size": [1, 1]},
								"west": {"uv": [125, 39], "uv_size": [17, 1]},
								"up": {"uv": [124, 22], "uv_size": [1, 17]},
								"down": {"uv": [125, 39], "uv_size": [1, -17]}
							}
						},
						{
							"origin": [8.72075, 29.43228, 18.00589],
							"size": [0.805, 0.805, 13.685],
							"uv": {
								"north": {"uv": [118, 119], "uv_size": [1, 1]},
								"east": {"uv": [101, 119], "uv_size": [17, 1]},
								"south": {"uv": [136, 119], "uv_size": [1, 1]},
								"west": {"uv": [119, 119], "uv_size": [17, 1]},
								"up": {"uv": [118, 102], "uv_size": [1, 17]},
								"down": {"uv": [119, 119], "uv_size": [1, -17]}
							}
						},
						{
							"origin": [8.05662, 27.15816, 14.78589],
							"size": [2.13325, 2.415, 16.905],
							"uv": {
								"north": {"uv": [47, 91], "uv_size": [2, 3]},
								"east": {"uv": [26, 91], "uv_size": [21, 3]},
								"south": {"uv": [70, 91], "uv_size": [2, 3]},
								"west": {"uv": [49, 91], "uv_size": [21, 3]},
								"up": {"uv": [47, 70], "uv_size": [2, 21]},
								"down": {"uv": [49, 91], "uv_size": [2, -21]}
							}
						},
						{
							"origin": [8.72075, 26.35316, 14.78589],
							"size": [0.805, 0.805, 17.71],
							"uv": {
								"north": {"uv": [94, 26], "uv_size": [1, 1]},
								"east": {"uv": [72, 26], "uv_size": [22, 1]},
								"south": {"uv": [117, 26], "uv_size": [1, 1]},
								"west": {"uv": [95, 26], "uv_size": [22, 1]},
								"up": {"uv": [94, 4], "uv_size": [1, 22]},
								"down": {"uv": [95, 26], "uv_size": [1, -22]}
							}
						},
						{
							"origin": [8.05662, 27.15816, 31.69089],
							"size": [2.13325, 0.805, 0.92575],
							"uv": {
								"north": {"uv": [21, 7], "uv_size": [2, 1]},
								"east": {"uv": [20, 7], "uv_size": [1, 1]},
								"south": {"uv": [24, 7], "uv_size": [2, 1]},
								"west": {"uv": [23, 7], "uv_size": [1, 1]},
								"up": {"uv": [21, 6], "uv_size": [2, 1]},
								"down": {"uv": [23, 7], "uv_size": [2, -1]}
							}
						},
						{
							"origin": [8.05643, 27.66186, 31.54337],
							"size": [2.13364, 1.87201, 0.80539],
							"inflate": -0.001,
							"pivot": [9.12325, 28.32618, 31.94606],
							"rotation": [30, 0, 0],
							"uv": {
								"north": {"uv": [65, 71], "uv_size": [2, 2]},
								"east": {"uv": [64, 71], "uv_size": [1, 2]},
								"south": {"uv": [68, 71], "uv_size": [2, 2]},
								"west": {"uv": [67, 71], "uv_size": [1, 2]},
								"up": {"uv": [65, 70], "uv_size": [2, 1]},
								"down": {"uv": [67, 71], "uv_size": [2, -1]}
							}
						},
						{
							"origin": [8.03487, 29.20642, 18.00569],
							"size": [0.94626, 0.80539, 13.68539],
							"inflate": -0.001,
							"pivot": [8.57844, 29.81037, 22.43339],
							"rotation": [0, 0, -45],
							"uv": {
								"north": {"uv": [81, 119], "uv_size": [1, 1]},
								"east": {"uv": [64, 119], "uv_size": [17, 1]},
								"south": {"uv": [99, 119], "uv_size": [1, 1]},
								"west": {"uv": [82, 119], "uv_size": [17, 1]},
								"up": {"uv": [81, 102], "uv_size": [1, 17]},
								"down": {"uv": [82, 119], "uv_size": [1, -17]}
							}
						}
					]
				},
				{
					"name": "stockSegment3",
					"parent": "stock",
					"pivot": [9.175, 22.6351, 45.0309],
					"cubes": [
						{
							"origin": [8.04688, 24.81391, 21.61864],
							"size": [2.15275, 2.4345, 16.9245],
							"inflate": -0.05,
							"uv": {
								"north": {"uv": [21, 86], "uv_size": [2, 3]},
								"east": {"uv": [0, 86], "uv_size": [21, 3]},
								"south": {"uv": [44, 86], "uv_size": [2, 3]},
								"west": {"uv": [23, 86], "uv_size": [21, 3]},
								"up": {"uv": [21, 65], "uv_size": [2, 21]},
								"down": {"uv": [23, 86], "uv_size": [2, -21]}
							}
						},
						{
							"origin": [8.04688, 24.08941, 36.91364],
							"size": [2.15275, 0.8245, 1.6295],
							"inflate": -0.05,
							"uv": {
								"north": {"uv": [37, 52], "uv_size": [2, 1]},
								"east": {"uv": [35, 52], "uv_size": [2, 1]},
								"south": {"uv": [41, 52], "uv_size": [2, 1]},
								"west": {"uv": [39, 52], "uv_size": [2, 1]},
								"up": {"uv": [37, 50], "uv_size": [2, 2]},
								"down": {"uv": [39, 52], "uv_size": [2, -2]}
							}
						},
						{
							"origin": [8.04668, 24.44338, 35.69835],
							"size": [2.15314, 0.82489, 1.62989],
							"inflate": -0.051,
							"pivot": [9.12325, 24.85583, 36.51329],
							"rotation": [-32.5, 0, 0],
							"uv": {
								"north": {"uv": [41, 8], "uv_size": [2, 1]},
								"east": {"uv": [39, 8], "uv_size": [2, 1]},
								"south": {"uv": [45, 8], "uv_size": [2, 1]},
								"west": {"uv": [43, 8], "uv_size": [2, 1]},
								"up": {"uv": [41, 6], "uv_size": [2, 2]},
								"down": {"uv": [43, 8], "uv_size": [2, -2]}
							}
						},
						{
							"origin": [8.04668, 24.87674, 21.2922],
							"size": [2.15314, 2.43489, 0.82489],
							"inflate": -0.051,
							"pivot": [9.12325, 26.09419, 21.70465],
							"rotation": [15, 0, 0],
							"uv": {
								"north": {"uv": [53, 6], "uv_size": [2, 3]},
								"east": {"uv": [52, 6], "uv_size": [1, 3]},
								"south": {"uv": [56, 6], "uv_size": [2, 3]},
								"west": {"uv": [55, 6], "uv_size": [1, 3]},
								"up": {"uv": [53, 5], "uv_size": [2, 1]},
								"down": {"uv": [55, 6], "uv_size": [2, -1]}
							}
						}
					]
				},
				{
					"name": "stockSegment4",
					"parent": "stock",
					"pivot": [9.175, 25.62148, 40.86005],
					"cubes": [
						{
							"origin": [7.65412, 22.40866, 39.29814],
							"size": [2.93825, 7.245, 4.83],
							"uv": {
								"north": {"uv": [32, 71], "uv_size": [3, 9]},
								"east": {"uv": [26, 71], "uv_size": [6, 9]},
								"south": {"uv": [41, 71], "uv_size": [3, 9]},
								"west": {"uv": [35, 71], "uv_size": [6, 9]},
								"up": {"uv": [32, 65], "uv_size": [3, 6]},
								"down": {"uv": [35, 71], "uv_size": [3, -6]}
							}
						},
						{
							"origin": [7.65412, 22.40866, 38.49314],
							"size": [2.93825, 6.44, 0.805],
							"uv": {
								"north": {"uv": [1, 17], "uv_size": [3, 8]},
								"east": {"uv": [0, 17], "uv_size": [1, 8]},
								"south": {"uv": [5, 17], "uv_size": [3, 8]},
								"west": {"uv": [4, 17], "uv_size": [1, 8]},
								"up": {"uv": [1, 16], "uv_size": [3, 1]},
								"down": {"uv": [4, 17], "uv_size": [3, -1]}
							}
						},
						{
							"origin": [7.65412, 14.35866, 40.10314],
							"size": [2.93825, 8.05, 4.025],
							"uv": {
								"north": {"uv": [76, 5], "uv_size": [3, 10]},
								"east": {"uv": [71, 5], "uv_size": [5, 10]},
								"south": {"uv": [84, 5], "uv_size": [3, 10]},
								"west": {"uv": [79, 5], "uv_size": [5, 10]},
								"up": {"uv": [76, 0], "uv_size": [3, 5]},
								"down": {"uv": [79, 5], "uv_size": [3, -5]}
							}
						},
						{
							"origin": [7.65412, 11.13866, 42.51814],
							"size": [2.93825, 3.22, 1.61],
							"uv": {
								"north": {"uv": [135, 103], "uv_size": [3, 4]},
								"east": {"uv": [133, 103], "uv_size": [2, 4]},
								"south": {"uv": [140, 103], "uv_size": [3, 4]},
								"west": {"uv": [138, 103], "uv_size": [2, 4]},
								"up": {"uv": [135, 101], "uv_size": [3, 2]},
								"down": {"uv": [138, 103], "uv_size": [3, -2]}
							}
						},
						{
							"origin": [7.65412, 8.72366, 40.90814],
							"size": [2.93825, 5.635, 1.61],
							"uv": {
								"north": {"uv": [2, 34], "uv_size": [3, 7]},
								"east": {"uv": [0, 34], "uv_size": [2, 7]},
								"south": {"uv": [7, 34], "uv_size": [3, 7]},
								"west": {"uv": [5, 34], "uv_size": [2, 7]},
								"up": {"uv": [2, 32], "uv_size": [3, 2]},
								"down": {"uv": [5, 34], "uv_size": [3, -2]}
							}
						},
						{
							"origin": [7.65373, 8.58154, 42.90714],
							"size": [2.93903, 4.83078, 1.61078],
							"inflate": -0.002,
							"pivot": [9.12325, 11.39943, 43.71253],
							"rotation": [-40, 0, 0],
							"uv": {
								"north": {"uv": [16, 134], "uv_size": [3, 6]},
								"east": {"uv": [14, 134], "uv_size": [2, 6]},
								"south": {"uv": [21, 134], "uv_size": [3, 6]},
								"west": {"uv": [19, 134], "uv_size": [2, 6]},
								"up": {"uv": [16, 132], "uv_size": [3, 2]},
								"down": {"uv": [19, 134], "uv_size": [3, -2]}
							}
						},
						{
							"origin": [7.65393, 10.51361, 43.48907],
							"size": [2.93864, 5.63539, 1.61039],
							"inflate": -0.001,
							"pivot": [9.12325, 14.1363, 44.29427],
							"rotation": [-164, 0, 0],
							"uv": {
								"north": {"uv": [21, 18], "uv_size": [3, 7]},
								"east": {"uv": [19, 18], "uv_size": [2, 7]},
								"south": {"uv": [26, 18], "uv_size": [3, 7]},
								"west": {"uv": [24, 18], "uv_size": [2, 7]},
								"up": {"uv": [21, 16], "uv_size": [3, 2]},
								"down": {"uv": [24, 18], "uv_size": [3, -2]}
							}
						},
						{
							"origin": [7.65393, 13.19036, 41.71996],
							"size": [2.93864, 0.80539, 1.61039],
							"inflate": -0.001,
							"pivot": [9.12325, 16.00806, 42.52515],
							"rotation": [-40, 0, 0],
							"uv": {
								"north": {"uv": [123, 11], "uv_size": [3, 1]},
								"east": {"uv": [121, 11], "uv_size": [2, 1]},
								"south": {"uv": [128, 11], "uv_size": [3, 1]},
								"west": {"uv": [126, 11], "uv_size": [2, 1]},
								"up": {"uv": [123, 9], "uv_size": [3, 2]},
								"down": {"uv": [126, 11], "uv_size": [3, -2]}
							}
						},
						{
							"origin": [7.65393, 21.24036, 40.71371],
							"size": [2.93864, 0.80539, 1.61039],
							"inflate": -0.001,
							"pivot": [9.12325, 24.05806, 41.5189],
							"rotation": [-40, 0, 0],
							"uv": {
								"north": {"uv": [114, 59], "uv_size": [3, 1]},
								"east": {"uv": [112, 59], "uv_size": [2, 1]},
								"south": {"uv": [119, 59], "uv_size": [3, 1]},
								"west": {"uv": [117, 59], "uv_size": [2, 1]},
								"up": {"uv": [114, 57], "uv_size": [3, 2]},
								"down": {"uv": [117, 59], "uv_size": [3, -2]}
							}
						},
						{
							"origin": [7.65393, 23.59584, 34.91069],
							"size": [2.93864, 1.61039, 2.41539],
							"inflate": -0.001,
							"pivot": [9.12325, 29.54912, 33.43131],
							"rotation": [50, 0, 0],
							"uv": {
								"north": {"uv": [106, 135], "uv_size": [3, 2]},
								"east": {"uv": [103, 135], "uv_size": [3, 2]},
								"south": {"uv": [112, 135], "uv_size": [3, 2]},
								"west": {"uv": [109, 135], "uv_size": [3, 2]},
								"up": {"uv": [106, 132], "uv_size": [3, 3]},
								"down": {"uv": [109, 135], "uv_size": [3, -3]}
							}
						},
						{
							"origin": [11.72448, 26.71173, 34.91069],
							"size": [1.50977, 0.80539, 2.41539],
							"inflate": -0.001,
							"pivot": [9.12325, 29.54912, 33.43131],
							"rotation": [40.12074, -32.79775, 32.73241],
							"uv": {
								"north": {"uv": [3, 48], "uv_size": [1, 1]},
								"east": {"uv": [0, 48], "uv_size": [3, 1]},
								"south": {"uv": [7, 48], "uv_size": [1, 1]},
								"west": {"uv": [4, 48], "uv_size": [3, 1]},
								"up": {"uv": [3, 45], "uv_size": [1, 3]},
								"down": {"uv": [4, 48], "uv_size": [1, -3]}
							}
						},
						{
							"origin": [8.72075, 24.66266, 34.91089],
							"size": [0.805, 1.61, 2.415],
							"pivot": [9.12325, 29.54912, 33.43131],
							"rotation": [50, 0, 0],
							"uv": {
								"north": {"uv": [38, 35], "uv_size": [1, 2]},
								"east": {"uv": [35, 35], "uv_size": [3, 2]},
								"south": {"uv": [42, 35], "uv_size": [1, 2]},
								"west": {"uv": [39, 35], "uv_size": [3, 2]},
								"up": {"uv": [38, 32], "uv_size": [1, 3]},
								"down": {"uv": [39, 35], "uv_size": [1, -3]}
							}
						},
						{
							"origin": [5.01226, 26.71173, 34.91069],
							"size": [1.50976, 0.80539, 2.41539],
							"inflate": -0.001,
							"pivot": [9.12325, 29.54912, 33.43131],
							"rotation": [40.12074, 32.79775, -32.73241],
							"uv": {
								"north": {"uv": [3, 53], "uv_size": [1, 1]},
								"east": {"uv": [0, 53], "uv_size": [3, 1]},
								"south": {"uv": [7, 53], "uv_size": [1, 1]},
								"west": {"uv": [4, 53], "uv_size": [3, 1]},
								"up": {"uv": [3, 50], "uv_size": [1, 3]},
								"down": {"uv": [4, 53], "uv_size": [1, -3]}
							}
						}
					]
				},
				{
					"name": "barrel",
					"parent": "gun",
					"pivot": [9.12325, 26.6707, -16.80801],
					"cubes": [
						{
							"origin": [8.27925, 25.8267, -24.90707],
							"size": [1.688, 1.688, 24.228],
							"inflate": -0.2,
							"pivot": [9.12325, 26.6707, -11.98807],
							"rotation": [0, 0, -45],
							"uv": {
								"north": {"uv": [30, 62], "uv_size": [2, 2]},
								"east": {"uv": [0, 62], "uv_size": [30, 2]},
								"south": {"uv": [62, 62], "uv_size": [2, 2]},
								"west": {"uv": [32, 62], "uv_size": [30, 2]},
								"up": {"uv": [30, 32], "uv_size": [2, 30]},
								"down": {"uv": [32, 62], "uv_size": [2, -30]}
							}
						},
						{
							"origin": [7.47425, 25.4242, -24.88695],
							"size": [3.298, 2.493, 8.128],
							"inflate": -0.2,
							"uv": {
								"north": {"uv": [10, 26], "uv_size": [4, 3]},
								"east": {"uv": [0, 26], "uv_size": [10, 3]},
								"south": {"uv": [24, 26], "uv_size": [4, 3]},
								"west": {"uv": [14, 26], "uv_size": [10, 3]},
								"up": {"uv": [10, 16], "uv_size": [4, 10]},
								"down": {"uv": [14, 26], "uv_size": [4, -10]}
							}
						}
					]
				},
				{
					"name": "charge_handle",
					"parent": "gun",
					"pivot": [11.12233, 28.62953, -0.45698],
					"cubes": [
						{
							"origin": [10.049, 27.9587, -3.1532],
							"size": [0.805, 0.805, 3.22],
							"uv": {
								"north": {"uv": [58, 58], "uv_size": [1, 1]},
								"east": {"uv": [54, 58], "uv_size": [4, 1]},
								"south": {"uv": [63, 58], "uv_size": [1, 1]},
								"west": {"uv": [59, 58], "uv_size": [4, 1]},
								"up": {"uv": [58, 54], "uv_size": [1, 4]},
								"down": {"uv": [59, 58], "uv_size": [1, -4]}
							}
						},
						{
							"origin": [10.7565, 27.4587, -0.41388],
							"size": [2.61, 3.415, 1],
							"inflate": -0.5,
							"uv": {
								"north": {"uv": [21, 1], "uv_size": [3, 4]},
								"east": {"uv": [20, 1], "uv_size": [1, 4]},
								"south": {"uv": [25, 1], "uv_size": [3, 4]},
								"west": {"uv": [24, 1], "uv_size": [1, 4]},
								"up": {"uv": [21, 0], "uv_size": [3, 1]},
								"down": {"uv": [24, 1], "uv_size": [3, -1]}
							}
						},
						{
							"origin": [9.9515, 27.4587, -0.41388],
							"size": [1.805, 1.805, 1],
							"inflate": -0.5,
							"uv": {
								"north": {"uv": [54, 15], "uv_size": [2, 2]},
								"east": {"uv": [53, 15], "uv_size": [1, 2]},
								"south": {"uv": [57, 15], "uv_size": [2, 2]},
								"west": {"uv": [56, 15], "uv_size": [1, 2]},
								"up": {"uv": [54, 14], "uv_size": [2, 1]},
								"down": {"uv": [56, 15], "uv_size": [2, -1]}
							}
						}
					]
				},
				{
					"name": "armL_mag",
					"parent": "main",
					"pivot": [26.62702, 11.46416, -14]
				},
				{
					"name": "leftarm",
					"parent": "armL_mag",
					"pivot": [23.62849, 5.11766, -8.6],
					"rotation": [-121.72975, 42.52119, -2.8142],
					"cubes": [
						{"origin": [19.62849, -18.88234, -12.6], "size": [8, 24, 8], "uv": [74, 28]}
					]
				},
				{
					"name": "magazine",
					"parent": "armL_mag",
					"pivot": [9.175, 16.25, -8.25],
					"cubes": [
						{
							"origin": [8.35725, 0.99375, -14.78045],
							"size": [1.532, 22.2205, 8.777],
							"inflate": 0.2,
							"uv": {
								"north": {"uv": [99, 91], "uv_size": [2, 27]},
								"east": {"uv": [88, 91], "uv_size": [11, 27]},
								"south": {"uv": [112, 91], "uv_size": [2, 27]},
								"west": {"uv": [101, 91], "uv_size": [11, 27]},
								"up": {"uv": [99, 80], "uv_size": [2, 11]},
								"down": {"uv": [101, 91], "uv_size": [2, -11]}
							}
						},
						{
							"origin": [8.35805, 0.63762, -14.6914],
							"size": [1.532, 0.727, 8.777],
							"inflate": 0.2,
							"pivot": [9.12405, 1.80612, -10.7054],
							"rotation": [-5, 0, 0],
							"uv": {
								"north": {"uv": [11, 43], "uv_size": [2, 1]},
								"east": {"uv": [0, 43], "uv_size": [11, 1]},
								"south": {"uv": [24, 43], "uv_size": [2, 1]},
								"west": {"uv": [13, 43], "uv_size": [11, 1]},
								"up": {"uv": [11, 32], "uv_size": [2, 11]},
								"down": {"uv": [13, 43], "uv_size": [2, -11]}
							}
						}
					]
				},
				{
					"name": "bullet",
					"parent": "magazine",
					"pivot": [9.025, 19.4187, -11.4147],
					"cubes": [
						{
							"origin": [8.69938, 22.69975, -14.17466],
							"size": [0.727, 0.727, 7.5695],
							"inflate": 0.2,
							"pivot": [9.06287, 23.06325, -13.40866],
							"rotation": [0, 0, 21],
							"uv": {
								"north": {"uv": [76, 100], "uv_size": [1, 1]},
								"east": {"uv": [67, 100], "uv_size": [9, 1]},
								"south": {"uv": [86, 100], "uv_size": [1, 1]},
								"west": {"uv": [77, 100], "uv_size": [9, 1]},
								"up": {"uv": [76, 91], "uv_size": [1, 9]},
								"down": {"uv": [77, 100], "uv_size": [1, -9]}
							}
						}
					]
				},
				{
					"name": "_camera_",
					"pivot": [22.5, 41.75, 36]
				}
			]
		}
	]
}