{
	"format_version": "1.12.0",
	"minecraft:geometry": [
		{
			"description": {
				"identifier": "geometry.unknown",
				"texture_width": 512,
				"texture_height": 512,
				"visible_bounds_width": 8,
				"visible_bounds_height": 5,
				"visible_bounds_offset": [0, 1.5, 0]
			},
			"bones": [
				{
					"name": "main",
					"pivot": [0, 20, 0]
				},
				{
					"name": "armR_gun",
					"parent": "main",
					"pivot": [-8.3, 12.8, 24.8]
				},
				{
					"name": "gun",
					"parent": "armR_gun",
					"pivot": [0, 19, 7],
					"cubes": [
						{"origin": [-0.5, 18.25858, 0.88823], "size": [1, 3, 7], "pivot": [0, 18.25858, 8.58823], "rotation": [-27.5, 0, 0], "uv": [260, 292]},
						{"origin": [-0.5, 15.41217, 7.88771], "size": [1, 8, 3], "pivot": [0, 19.41217, 14.38771], "rotation": [7.5, 0, 0], "uv": [28, 312]},
						{"origin": [-0.5, 14.56375, 7.94332], "size": [1, 7, 3.175], "inflate": -0.0002, "pivot": [0.5, 18.56375, 7.94332], "rotation": [7.89236, 18.08844, 2.46455], "uv": [312, 52]},
						{"origin": [-0.5, 14.56375, 7.94332], "size": [1, 7, 3.175], "inflate": -0.0002, "pivot": [-0.5, 18.56375, 7.94332], "rotation": [7.89236, -18.08844, -2.46455], "uv": [312, 62]},
						{"origin": [-1.5, 15.41217, 10.88771], "size": [3, 7, 3], "pivot": [0, 19.41217, 14.38771], "rotation": [7.5, 0, 0], "uv": [262, 302]},
						{"origin": [-0.5, 22.1169, 10.38271], "size": [1, 1, 3], "pivot": [0.5, 23.1169, 11.88271], "rotation": [7.5, 0, 0], "uv": [312, 103]},
						{"origin": [-0.50352, 21.69542, 10.38225], "size": [1, 1.42, 3], "pivot": [0.49648, 23.12042, 11.88225], "rotation": [5.34149, 5.27248, -44.50388], "uv": [312, 107]},
						{"origin": [-0.49648, 21.69542, 10.38225], "size": [1, 1.42, 3], "pivot": [-0.49648, 23.12042, 11.88225], "rotation": [5.34149, -5.27248, 44.50388], "uv": [312, 111]},
						{"origin": [-1.5, 15.41217, 13.88771], "size": [3, 2, 2], "pivot": [0, 19.41217, 14.38771], "rotation": [7.5, 0, 0], "uv": [312, 99]},
						{"origin": [-1.5, 17.16819, 12.26289], "size": [3, 5, 24], "inflate": 0.002, "pivot": [0, 19.16819, 14.26289], "rotation": [-9, 0, 0], "uv": [0, 261]},
						{"origin": [-1.5, 13.16819, 26.26289], "size": [3, 4, 9], "pivot": [0, 19.16819, 14.26289], "rotation": [-9, 0, 0], "uv": [236, 292]},
						{"origin": [-1.5, 15.16819, 17.26289], "size": [3, 2, 9], "pivot": [0, 19.16819, 14.26289], "rotation": [-9, 0, 0], "uv": [48, 310]},
						{"origin": [-1.5, 7.98162, 12.40248], "size": [3, 2, 21], "inflate": -0.0002, "pivot": [0, 7.98162, 33.75248], "rotation": [-21.5, 0, 0], "uv": [54, 287]},
						{"origin": [-1.5, 7.98162, 32.75248], "size": [3, 2, 1], "inflate": -0.0004, "pivot": [0, 7.98162, 33.75248], "rotation": [-21.5, 0, 0], "uv": [81, 305]},
						{"origin": [-1.5, 11.16819, 35.26289], "size": [3, 6, 1], "inflate": 0.0002, "pivot": [0, 19.16819, 14.26289], "rotation": [-9, 0, 0], "uv": [312, 77]},
						{"origin": [-0.5, 20.54229, 12.92195], "size": [1, 2, 24], "inflate": 0.0002, "pivot": [0.5, 22.54229, 24.92195], "rotation": [-9, 0, 0], "uv": [54, 261]},
						{"origin": [-0.5, 20.29229, 12.92195], "size": [1, 2.25, 24], "pivot": [0.5, 22.54229, 24.92195], "rotation": [-8.06757, -4.00254, -26.21763], "uv": [276, 260]},
						{"origin": [-0.5, 20.29229, 12.92195], "size": [1, 2.25, 24], "pivot": [-0.5, 22.54229, 24.92195], "rotation": [-8.06757, 4.00254, 26.21763], "uv": [276, 286]},
						{"origin": [-1.5, 19.53697, 1.49001], "size": [3, 3.3, 11], "inflate": 0.002, "pivot": [0, 22.33697, 10.49001], "rotation": [-25, 0, 0], "uv": [208, 292]},
						{"origin": [-0.5, 24.86214, 4.26032], "size": [1, 1.2, 1.1], "inflate": -0.2, "pivot": [0, 25.53714, 4.81032], "rotation": [25, 0, 0], "uv": [312, 144]},
						{"origin": [-1.5, 21.59369, -5.45545], "size": [3, 5, 8], "uv": [208, 306]},
						{"origin": [-1.5, 21.59369, 2.54455], "size": [3, 2, 3], "uv": [89, 311]},
						{"origin": [-1.5, 21.59369, -9.45545], "size": [1, 1, 4], "uv": [312, 72]},
						{"origin": [0.5, 21.59369, -9.45545], "size": [1, 1, 4], "uv": [312, 84]},
						{"origin": [1.5, 19.99369, -5.65545], "size": [2, 3, 6], "pivot": [2, 20.49369, -1.65545], "rotation": [-50, 0, 0], "uv": [35, 319]},
						{"origin": [-1.5, 22.59369, -8.45545], "size": [1, 1, 3], "uv": [312, 121]},
						{"origin": [0.5, 22.59369, -8.45545], "size": [1, 1, 3], "uv": [312, 117]},
						{"origin": [0.5, 22.09369, -9.24834], "size": [1, 1.425, 1], "inflate": -0.0002, "pivot": [0, 22.59369, -8.74834], "rotation": [-45, 0, 0], "uv": [312, 154]},
						{"origin": [-1.5, 22.09369, -9.24834], "size": [1, 1.425, 1], "inflate": -0.0002, "pivot": [0, 22.59369, -8.74834], "rotation": [-45, 0, 0], "uv": [154, 312]},
						{"origin": [-0.5, 21.59369, -6.45545], "size": [1, 2, 1], "uv": [312, 134]},
						{"origin": [-0.5, 17.51869, -5.15545], "size": [1, 5, 1], "pivot": [0, 21.51869, -4.65545], "rotation": [37.5, 0, 0], "uv": [48, 294]},
						{"origin": [-0.5, 20.51869, -4.15545], "size": [1, 1, 2], "pivot": [0, 21.51869, -4.65545], "rotation": [37.5, 0, 0], "uv": [48, 303]},
						{"origin": [-0.7, 17.84089, -2.81708], "size": [1.4, 1.025, 4.25], "inflate": -0.1998, "uv": [312, 94]},
						{"origin": [-0.7, 17.84089, 1.03292], "size": [1.4, 1.025, 2.175], "inflate": -0.2, "pivot": [0, 18.041, 1.23292], "rotation": [45, 0, 0], "uv": [48, 300]},
						{"origin": [-0.7, 19.09089, 1.68292], "size": [1.4, 3, 1], "inflate": -0.1998, "uv": [230, 310]},
						{"origin": [-0.7, 19.09089, -0.21708], "size": [1.4, 3, 1], "inflate": -0.1998, "pivot": [0, 21.59089, 0.28292], "rotation": [17.5, 0, 0], "uv": [312, 130]},
						{"origin": [-1.7, 21.75582, -8.59479], "size": [3.4, 1, 1], "inflate": -0.1, "pivot": [0, 22.25582, -8.09479], "rotation": [45, 0, 0], "uv": [312, 128]},
						{"origin": [-2.95, 24.52868, -5.65], "size": [2, 1.64264, 1.65], "inflate": -0.2, "uv": [48, 306]},
						{"origin": [-2.95, 24.52868, -5.65], "size": [2, 1.64264, 1.65], "inflate": -0.2002, "pivot": [-1.25, 25.35, -10.65], "rotation": [0, 0, 45], "uv": [230, 306]},
						{"origin": [-2.07132, 23.65, -5.65], "size": [4.14264, 1, 1.65], "inflate": -0.2, "uv": [112, 312]},
						{"origin": [-2.07132, 23.65, -5.65], "size": [1.64264, 2, 1.65], "inflate": -0.2002, "pivot": [-1.25, 25.35, -10.65], "rotation": [0, 0, 45], "uv": [312, 137]},
						{"origin": [0.95, 24.52868, -5.65], "size": [2, 1.64264, 1.65], "inflate": -0.2, "uv": [48, 308]},
						{"origin": [1.14496, 24.76, -4.3164], "size": [1, 1, 1], "pivot": [1.64496, 25.58075, -3.4914], "rotation": [0, 0, 45], "uv": [312, 148]},
						{"origin": [0.95, 24.52868, -5.65], "size": [2, 1.64264, 1.65], "inflate": -0.2002, "pivot": [1.25, 25.35, -10.65], "rotation": [0, 0, 45], "uv": [230, 308]},
						{"origin": [-2.07132, 26.05, -5.65], "size": [4.14264, 1, 1.65], "inflate": -0.2, "uv": [312, 115]},
						{"origin": [-1.135, 26.05, -4.4], "size": [2.27, 1, 3.15], "inflate": -0.2, "uv": [102, 312]},
						{"origin": [0.42868, 25.05, -5.65], "size": [1.64264, 2, 1.65], "inflate": -0.2002, "pivot": [1.25, 25.35, -10.65], "rotation": [0, 0, 45], "uv": [138, 312]},
						{"origin": [1.48934, 25.61066, -4.4], "size": [1.64264, 1, 1.65], "inflate": -0.2002, "pivot": [2.31066, 26.41066, -4.2], "rotation": [-45, 0, 45], "uv": [312, 146]},
						{"origin": [1.51066, 23.46802, -4.4], "size": [1, 1.64264, 1.65], "inflate": -0.2002, "pivot": [2.31066, 24.28934, -4.2], "rotation": [0, -45, 45], "uv": [146, 312]},
						{"origin": [-2.14496, 24.76, -4.3164], "size": [1, 1, 1], "pivot": [-1.64496, 25.58075, -3.4914], "rotation": [0, 0, -45], "uv": [312, 152]},
						{"origin": [-3.13198, 25.61066, -4.4], "size": [1.64264, 1, 1.65], "inflate": -0.2002, "pivot": [-2.31066, 26.41066, -4.2], "rotation": [-45, 0, -45], "uv": [312, 150]},
						{"origin": [-2.51066, 23.46802, -4.4], "size": [1, 1.64264, 1.65], "inflate": -0.2002, "pivot": [-2.31066, 24.28934, -4.2], "rotation": [0, 45, -45], "uv": [150, 312]}
					]
				},
				{
					"name": "muzzleflash",
					"parent": "gun",
					"pivot": [0, 25.35, -56.15],
					"cubes": [
						{"origin": [-0.5, 24.85, -56.65], "size": [1, 1, 1], "inflate": -0.4, "uv": [312, 140]}
					]
				},
				{
					"name": "scope",
					"parent": "gun",
					"pivot": [0, 28.2, 9.95],
					"cubes": [
						{"origin": [-0.5, 27.7, 9.45], "size": [1, 1, 1], "inflate": -0.4, "uv": [142, 312]}
					]
				},
				{
					"name": "lever",
					"parent": "gun",
					"pivot": [0, 26.71869, -1.45545],
					"cubes": [
						{"origin": [-1, 26.11869, -2.45545], "size": [2, 1.2, 2], "inflate": -0.45, "pivot": [0, 26.71869, -1.45545], "rotation": [0, -45, 0], "uv": [122, 312]},
						{"origin": [-0.725, 26.09369, 1.29455], "size": [1.45, 2.2, 2], "inflate": -0.4502, "pivot": [0, 26.54369, 1.74455], "rotation": [-35, 0, 0], "uv": [48, 290]},
						{"origin": [-0.725, 26.09369, -1.90545], "size": [1.45, 1.2, 4.5], "inflate": -0.45, "uv": [312, 89]}
					]
				},
				{
					"name": "breakaction",
					"parent": "gun",
					"pivot": [0, 22.25, -8.1],
					"cubes": [
						{"origin": [1.5, 21.59369, -12.38045], "size": [0, 3.375, 2], "pivot": [1.5, 21.59369, -11.38045], "rotation": [0, 0, 21.75], "uv": [51, 322]},
						{"origin": [1.87132, 26.85, -12.4], "size": [0, 1.6, 2], "pivot": [1.87132, 26.85, -11.4], "rotation": [0, 0, -82.8], "uv": [51, 321]},
						{"origin": [-1.87132, 26.85, -12.4], "size": [0, 1.6, 2], "pivot": [-1.87132, 26.85, -11.4], "rotation": [0, 0, 82.8], "uv": [51, 321], "mirror": true},
						{"origin": [-1.5, 21.59369, -12.38045], "size": [0, 3.375, 2], "pivot": [-1.5, 21.59369, -11.38045], "rotation": [0, 0, -21.75], "uv": [51, 322], "mirror": true},
						{"origin": [-1.86049, 22.84377, -12.38686], "size": [1, 1, 3], "uv": [77, 329], "mirror": true},
						{"origin": [0.86049, 22.84377, -12.38686], "size": [1, 1, 4.2], "uv": [86, 328]},
						{"origin": [-1, 21.59377, -13.46186], "size": [2, 1, 1], "uv": [96, 331]},
						{"origin": [-1, 16.59377, -15.46186], "size": [2, 1, 1], "uv": [96, 329]},
						{"origin": [-1, 16.59377, -14.46186], "size": [2, 1, 6], "inflate": -0.0002, "pivot": [0, 16.59377, -14.46186], "rotation": [71, 0, 0], "uv": [102, 326]},
						{"origin": [-0.45, 24.52868, -56.25], "size": [1, 1.64264, 51], "inflate": -0.2002, "pivot": [1.25, 25.35, -13.25], "rotation": [0, 0, 45], "uv": [0, 157]},
						{"origin": [1.95, 24.52868, -56.25], "size": [1, 1.64264, 51], "inflate": -0.2, "uv": [104, 156]},
						{"origin": [1.95, 24.52868, -56.25], "size": [1, 1.64264, 51], "inflate": -0.2002, "pivot": [1.25, 25.35, -13.25], "rotation": [0, 0, 45], "uv": [110, 0]},
						{"origin": [-0.5, 26.25, -56.25], "size": [1, 1, 51], "inflate": -0.2002, "uv": [104, 260]},
						{"origin": [0.35388, 26.5502, -49.4248], "size": [1, 1.5, 1.6], "inflate": -0.3, "pivot": [1.05388, 26.8502, -48.6248], "rotation": [0, 0, -17.5], "uv": [35, 334]},
						{"origin": [-1.35388, 26.5502, -49.4248], "size": [1, 1.5, 1.6], "inflate": -0.3, "pivot": [-1.05388, 26.8502, -48.6248], "rotation": [0, 0, 17.5], "uv": [35, 334], "mirror": true},
						{"origin": [-0.82132, 25.95, -56.25], "size": [1.64264, 1, 51], "inflate": -0.2, "uv": [214, 0]},
						{"origin": [0.42868, 26.05, -56.25], "size": [1.64264, 1, 51], "inflate": -0.2, "uv": [0, 105]},
						{"origin": [0.42868, 26.05, -56.25], "size": [1.64264, 1, 51], "inflate": -0.2002, "pivot": [1.25, 25.35, -13.25], "rotation": [0, 0, 45], "uv": [104, 104]},
						{"origin": [0.42868, 23.65, -56.25], "size": [1.64264, 1, 51], "inflate": -0.2002, "pivot": [1.25, 25.35, -13.25], "rotation": [0, 0, 45], "uv": [104, 52]},
						{"origin": [-2.95, 24.52868, -56.25], "size": [1, 1.64264, 51], "inflate": -0.2, "uv": [0, 209]},
						{"origin": [-2.95, 24.52868, -56.25], "size": [1, 1.64264, 51], "inflate": -0.2002, "pivot": [-1.25, 25.35, -13.25], "rotation": [0, 0, 45], "uv": [208, 208]},
						{"origin": [-0.55, 24.22868, -56.25], "size": [1.1, 2.11764, 51], "inflate": -0.2, "uv": [0, 52]},
						{"origin": [-0.55, 24.52868, -56.25], "size": [1, 1.64264, 51], "inflate": -0.2002, "pivot": [-1.25, 25.35, -13.25], "rotation": [0, 0, 45], "uv": [208, 156]},
						{"origin": [-2.07132, 26.05, -56.25], "size": [1.64264, 1, 51], "inflate": -0.2, "uv": [208, 104]},
						{"origin": [-2.07132, 26.05, -56.25], "size": [1.64264, 1, 51], "inflate": -0.2002, "pivot": [-1.25, 25.35, -13.25], "rotation": [0, 0, 45], "uv": [104, 208]},
						{"origin": [-2.07132, 23.65, -56.25], "size": [4.14264, 1, 51], "inflate": -0.2, "uv": [0, 0]},
						{"origin": [-3.2, 22.55, -57.25], "size": [6.4, 1, 17], "inflate": -0.2, "uv": [0, 341]},
						{"origin": [0.6, 22.725, -40.65], "size": [1, 1, 28.4], "inflate": -0.2, "pivot": [1.1, 23.225, -32.15], "rotation": [0, 0, 45], "uv": [46, 330]},
						{"origin": [-1.6, 22.725, -40.65], "size": [1, 1, 28.4], "inflate": -0.2, "pivot": [-1.1, 23.225, -32.15], "rotation": [0, 0, -45], "uv": [46, 359], "mirror": true},
						{"origin": [2.2, 23.15, -54.25], "size": [1, 3, 4.4], "inflate": -0.2, "uv": [10, 369]},
						{"origin": [2.2, 23.15, -54.65], "size": [1, 3, 1], "inflate": -0.2004, "uv": [30, 372]},
						{"origin": [2.2, 23.15, -55.85], "size": [1, 1.55, 1], "inflate": -0.2004, "uv": [38, 374]},
						{"origin": [2.2, 23.15, -56.45], "size": [1, 1.05, 1], "inflate": -0.2004, "uv": [42, 374]},
						{"origin": [2.2, 23.15, -55.25], "size": [1, 2.15, 1], "inflate": -0.2004, "uv": [34, 373]},
						{"origin": [2.2, 22.55, -57.25], "size": [1, 1, 4.075], "inflate": -0.2002, "pivot": [2.7, 23.35, -57.05], "rotation": [45, 0, 0], "uv": [16, 368]},
						{"origin": [-3.2, 22.55, -57.25], "size": [1, 1, 4.075], "inflate": -0.2002, "pivot": [-2.7, 23.35, -57.05], "rotation": [45, 0, 0], "uv": [16, 385], "mirror": true},
						{"origin": [-3.2, 23.15, -56.45], "size": [1, 1.05, 1], "inflate": -0.2004, "uv": [42, 391], "mirror": true},
						{"origin": [-3.2, 23.15, -55.85], "size": [1, 1.55, 1], "inflate": -0.2004, "uv": [38, 391], "mirror": true},
						{"origin": [-3.2, 23.15, -54.25], "size": [1, 3, 4.4], "inflate": -0.2, "uv": [10, 386], "mirror": true},
						{"origin": [-3.2, 23.15, -47.325], "size": [1, 3, 7.075], "inflate": -0.2, "uv": [0, 376], "mirror": true},
						{"origin": [2.2, 23.15, -47.325], "size": [1, 3, 7.075], "inflate": -0.2, "uv": [0, 359]},
						{"origin": [-3.2, 23.15, -54.65], "size": [1, 3, 1], "inflate": -0.2004, "uv": [30, 389], "mirror": true},
						{"origin": [-3.2, 23.15, -55.25], "size": [1, 2.15, 1], "inflate": -0.2004, "uv": [34, 390], "mirror": true},
						{"origin": [-2.07132, 23.65, -56.25], "size": [1.64264, 1, 51], "inflate": -0.2002, "pivot": [-1.25, 25.35, -13.25], "rotation": [0, 0, 45], "uv": [208, 52]},
						{"origin": [0.40368, 23.925, -6.25], "size": [1.69264, 1, 1], "inflate": -0.201, "pivot": [1.25, 25.35, -13.25], "rotation": [0, 0, 45], "uv": [166, 312]},
						{"origin": [-0.825, 24.50368, -6.25], "size": [1, 1.69264, 1], "inflate": -0.201, "pivot": [-1.25, 25.35, -13.25], "rotation": [0, 0, 45], "uv": [312, 164]},
						{"origin": [-2.09632, 23.925, -6.25], "size": [1.69264, 1, 1], "inflate": -0.201, "pivot": [-1.25, 25.35, -13.25], "rotation": [0, 0, 45], "uv": [312, 162]},
						{"origin": [-2.675, 24.50368, -6.25], "size": [1, 1.69264, 1], "inflate": -0.201, "pivot": [-1.25, 25.35, -13.25], "rotation": [0, 0, 45], "uv": [162, 312]},
						{"origin": [-2.09632, 25.775, -6.25], "size": [1.69264, 1, 1], "inflate": -0.201, "pivot": [-1.25, 25.35, -13.25], "rotation": [0, 0, 45], "uv": [312, 160]},
						{"origin": [-0.175, 24.50368, -6.25], "size": [1, 1.69264, 1], "inflate": -0.201, "pivot": [1.25, 25.35, -13.25], "rotation": [0, 0, 45], "uv": [312, 158]},
						{"origin": [0.40368, 25.775, -6.25], "size": [1.69264, 1, 1], "inflate": -0.201, "pivot": [1.25, 25.35, -13.25], "rotation": [0, 0, 45], "uv": [158, 312]},
						{"origin": [1.675, 24.50368, -6.25], "size": [1, 1.69264, 1], "inflate": -0.201, "pivot": [1.25, 25.35, -13.25], "rotation": [0, 0, 45], "uv": [312, 156]},
						{"origin": [-1.7, 23.39369, -10.65545], "size": [3.4, 1, 5.4], "inflate": -0.2, "uv": [72, 310]},
						{"origin": [-1.7, 23.39369, -12.65545], "size": [3.4, 1, 2.4], "inflate": -0.2, "uv": [72, 318]},
						{"origin": [-0.7, 21.19369, -10.65545], "size": [1.4, 2.9, 4.4], "inflate": -0.2, "uv": [37, 313]},
						{"origin": [-1.5, 21.59369, -10.45545], "size": [3, 2, 1], "uv": [312, 125]},
						{"origin": [-1.5, 21.59369, -12.45545], "size": [3, 2, 2], "uv": [82, 317]},
						{"origin": [-1, 16.59369, -30.45545], "size": [2, 7.3, 15], "uv": [1, 319]},
						{"origin": [-1.5002, 23.10103, -10.07993], "size": [3, 1, 1.425], "pivot": [-0.0002, 23.60103, -9.15493], "rotation": [45, 0, 0], "uv": [130, 312]}
					]
				},
				{
					"name": "shellL",
					"parent": "breakaction",
					"pivot": [1.2526, 25.3526, -5.425],
					"cubes": [
						{"origin": [0.2526, 24.3526, -10.225], "size": [2, 2, 5], "inflate": -0.2, "pivot": [1.2526, 25.3526, -7.725], "rotation": [0, 0, 45], "uv": [0, 312]}
					]
				},
				{
					"name": "shellR",
					"parent": "breakaction",
					"pivot": [-1.2526, 25.3526, -5.425],
					"cubes": [
						{"origin": [-2.2526, 24.3526, -10.225], "size": [2, 2, 5], "inflate": -0.2, "pivot": [-1.2526, 25.3526, -7.725], "rotation": [0, 0, -45], "uv": [14, 312]}
					]
				},
				{
					"name": "_cb_scope",
					"parent": "breakaction",
					"pivot": [0, 27.05, -11.125],
					"cubes": [
						{"origin": [-0.5, 26.55, -11.625], "size": [1, 1, 1], "uv": [312, 142]}
					]
				},
				{
					"name": "railTRR",
					"parent": "breakaction",
					"pivot": [1.2561, 25.3613, -16.825],
					"rotation": [0, 0, 55],
					"cubes": [
						{"origin": [0.2561, 26.849, -19.825], "size": [2, 1.25, 6], "pivot": [1.2561, 28.2113, -16.825], "rotation": [0, 0, 0], "uv": [0, 341]}
					]
				},
				{
					"name": "electricbitA",
					"parent": "railTRR",
					"pivot": [1.2561, 28.2113, -16.825],
					"cubes": [
						{"origin": [-0.66167, 27.9488, -19.30817], "size": [1, 1.2, 1], "inflate": -0.1502, "pivot": [1.2561, 28.2113, -16.825], "rotation": [0, -45, 0], "uv": [0, 354]},
						{"origin": [0.2561, 27.999, -19.325], "size": [2, 1.1, 5], "inflate": -0.1, "pivot": [1.2561, 28.2113, -16.825], "rotation": [0, 0, 0], "uv": [1, 348]},
						{"origin": [2.17386, 27.9488, -15.34183], "size": [1, 1.2, 1], "inflate": -0.1502, "pivot": [1.2561, 28.2113, -16.825], "rotation": [0, -45, 0], "uv": [13, 354]},
						{"origin": [0.7561, 27.999, -14.825], "size": [1, 1.1, 1], "inflate": -0.1002, "pivot": [1.2561, 28.2113, -16.825], "rotation": [0, 0, 0], "uv": [13, 350]},
						{"origin": [2.73926, 27.9488, -15.90723], "size": [1, 1.2, 1], "inflate": -0.1502, "pivot": [1.2561, 28.2113, -16.825], "rotation": [0, -45, 0], "uv": [13, 348]},
						{"origin": [-1.22707, 27.9488, -18.74277], "size": [1, 1.2, 1], "inflate": -0.1502, "pivot": [1.2561, 28.2113, -16.825], "rotation": [0, -45, 0], "uv": [0, 348]},
						{"origin": [0.7561, 27.999, -19.825], "size": [1, 1.1, 1], "inflate": -0.1002, "pivot": [1.2561, 28.2113, -16.825], "rotation": [0, 0, 0], "uv": [0, 350]}
					]
				},
				{
					"name": "railTRM",
					"parent": "breakaction",
					"pivot": [1.2561, 25.3613, -25.825],
					"rotation": [0, 0, 55],
					"cubes": [
						{"origin": [0.2561, 26.849, -28.825], "size": [2, 1.25, 6], "pivot": [1.2561, 28.2113, -25.825], "rotation": [0, 0, 0], "uv": [0, 341]}
					]
				},
				{
					"name": "electricbitA2",
					"parent": "railTRM",
					"pivot": [1.2561, 28.2113, -25.825],
					"cubes": [
						{"origin": [-0.66167, 27.9488, -28.30817], "size": [1, 1.2, 1], "inflate": -0.1502, "pivot": [1.2561, 28.2113, -25.825], "rotation": [0, -45, 0], "uv": [0, 354]},
						{"origin": [0.2561, 27.999, -28.325], "size": [2, 1.1, 5], "inflate": -0.1, "pivot": [1.2561, 28.2113, -25.825], "rotation": [0, 0, 0], "uv": [1, 348]},
						{"origin": [2.17386, 27.9488, -24.34183], "size": [1, 1.2, 1], "inflate": -0.1502, "pivot": [1.2561, 28.2113, -25.825], "rotation": [0, -45, 0], "uv": [13, 354]},
						{"origin": [0.7561, 27.999, -23.825], "size": [1, 1.1, 1], "inflate": -0.1002, "pivot": [1.2561, 28.2113, -25.825], "rotation": [0, 0, 0], "uv": [13, 350]},
						{"origin": [2.73926, 27.9488, -24.90723], "size": [1, 1.2, 1], "inflate": -0.1502, "pivot": [1.2561, 28.2113, -25.825], "rotation": [0, -45, 0], "uv": [13, 348]},
						{"origin": [-1.22707, 27.9488, -27.74277], "size": [1, 1.2, 1], "inflate": -0.1502, "pivot": [1.2561, 28.2113, -25.825], "rotation": [0, -45, 0], "uv": [0, 348]},
						{"origin": [0.7561, 27.999, -28.825], "size": [1, 1.1, 1], "inflate": -0.1002, "pivot": [1.2561, 28.2113, -25.825], "rotation": [0, 0, 0], "uv": [0, 350]}
					]
				},
				{
					"name": "railTRF",
					"parent": "breakaction",
					"pivot": [1.2561, 25.3613, -34.825],
					"rotation": [0, 0, 55],
					"cubes": [
						{"origin": [0.2561, 26.849, -37.825], "size": [2, 1.25, 6], "pivot": [1.2561, 28.2113, -34.825], "rotation": [0, 0, 0], "uv": [0, 341]}
					]
				},
				{
					"name": "electricbitA3",
					"parent": "railTRF",
					"pivot": [1.2561, 28.2113, -34.825],
					"cubes": [
						{"origin": [-0.66167, 27.9488, -37.30817], "size": [1, 1.2, 1], "inflate": -0.1502, "pivot": [1.2561, 28.2113, -34.825], "rotation": [0, -45, 0], "uv": [0, 354]},
						{"origin": [0.2561, 27.999, -37.325], "size": [2, 1.1, 5], "inflate": -0.1, "pivot": [1.2561, 28.2113, -34.825], "rotation": [0, 0, 0], "uv": [1, 348]},
						{"origin": [2.17386, 27.9488, -33.34183], "size": [1, 1.2, 1], "inflate": -0.1502, "pivot": [1.2561, 28.2113, -34.825], "rotation": [0, -45, 0], "uv": [13, 354]},
						{"origin": [0.7561, 27.999, -32.825], "size": [1, 1.1, 1], "inflate": -0.1002, "pivot": [1.2561, 28.2113, -34.825], "rotation": [0, 0, 0], "uv": [13, 350]},
						{"origin": [2.73926, 27.9488, -33.90723], "size": [1, 1.2, 1], "inflate": -0.1502, "pivot": [1.2561, 28.2113, -34.825], "rotation": [0, -45, 0], "uv": [13, 348]},
						{"origin": [-1.22707, 27.9488, -36.74277], "size": [1, 1.2, 1], "inflate": -0.1502, "pivot": [1.2561, 28.2113, -34.825], "rotation": [0, -45, 0], "uv": [0, 348]},
						{"origin": [0.7561, 27.999, -37.825], "size": [1, 1.1, 1], "inflate": -0.1002, "pivot": [1.2561, 28.2113, -34.825], "rotation": [0, 0, 0], "uv": [0, 350]}
					]
				},
				{
					"name": "railTLR",
					"parent": "breakaction",
					"pivot": [-1.2561, 25.3613, -16.825],
					"rotation": [0, 0, -55],
					"cubes": [
						{"origin": [-2.2561, 26.849, -19.825], "size": [2, 1.25, 6], "pivot": [-1.2561, 28.2113, -16.825], "rotation": [0, 0, 0], "uv": [0, 341], "mirror": true}
					]
				},
				{
					"name": "electricbitA4",
					"parent": "railTLR",
					"pivot": [-1.2561, 28.2113, -16.825],
					"cubes": [
						{"origin": [-0.33833, 27.9488, -19.30817], "size": [1, 1.2, 1], "inflate": -0.1502, "pivot": [-1.2561, 28.2113, -16.825], "rotation": [0, 45, 0], "uv": [0, 354], "mirror": true},
						{"origin": [-2.2561, 27.999, -19.325], "size": [2, 1.1, 5], "inflate": -0.1, "pivot": [-1.2561, 28.2113, -16.825], "rotation": [0, 0, 0], "uv": [1, 348], "mirror": true},
						{"origin": [-3.17386, 27.9488, -15.34183], "size": [1, 1.2, 1], "inflate": -0.1502, "pivot": [-1.2561, 28.2113, -16.825], "rotation": [0, 45, 0], "uv": [13, 354], "mirror": true},
						{"origin": [-1.7561, 27.999, -14.825], "size": [1, 1.1, 1], "inflate": -0.1002, "pivot": [-1.2561, 28.2113, -16.825], "rotation": [0, 0, 0], "uv": [13, 350], "mirror": true},
						{"origin": [-3.73926, 27.9488, -15.90723], "size": [1, 1.2, 1], "inflate": -0.1502, "pivot": [-1.2561, 28.2113, -16.825], "rotation": [0, 45, 0], "uv": [13, 348], "mirror": true},
						{"origin": [0.22707, 27.9488, -18.74277], "size": [1, 1.2, 1], "inflate": -0.1502, "pivot": [-1.2561, 28.2113, -16.825], "rotation": [0, 45, 0], "uv": [0, 348], "mirror": true},
						{"origin": [-1.7561, 27.999, -19.825], "size": [1, 1.1, 1], "inflate": -0.1002, "pivot": [-1.2561, 28.2113, -16.825], "rotation": [0, 0, 0], "uv": [0, 350], "mirror": true}
					]
				},
				{
					"name": "railTLM",
					"parent": "breakaction",
					"pivot": [-1.2561, 25.3613, -25.825],
					"rotation": [0, 0, -55],
					"cubes": [
						{"origin": [-2.2561, 26.849, -28.825], "size": [2, 1.25, 6], "pivot": [-1.2561, 28.2113, -25.825], "rotation": [0, 0, 0], "uv": [0, 341], "mirror": true}
					]
				},
				{
					"name": "electricbitA5",
					"parent": "railTLM",
					"pivot": [-1.2561, 28.2113, -25.825],
					"cubes": [
						{"origin": [-0.33833, 27.9488, -28.30817], "size": [1, 1.2, 1], "inflate": -0.1502, "pivot": [-1.2561, 28.2113, -25.825], "rotation": [0, 45, 0], "uv": [0, 354], "mirror": true},
						{"origin": [-2.2561, 27.999, -28.325], "size": [2, 1.1, 5], "inflate": -0.1, "pivot": [-1.2561, 28.2113, -25.825], "rotation": [0, 0, 0], "uv": [1, 348], "mirror": true},
						{"origin": [-3.17386, 27.9488, -24.34183], "size": [1, 1.2, 1], "inflate": -0.1502, "pivot": [-1.2561, 28.2113, -25.825], "rotation": [0, 45, 0], "uv": [13, 354], "mirror": true},
						{"origin": [-1.7561, 27.999, -23.825], "size": [1, 1.1, 1], "inflate": -0.1002, "pivot": [-1.2561, 28.2113, -25.825], "rotation": [0, 0, 0], "uv": [13, 350], "mirror": true},
						{"origin": [-3.73926, 27.9488, -24.90723], "size": [1, 1.2, 1], "inflate": -0.1502, "pivot": [-1.2561, 28.2113, -25.825], "rotation": [0, 45, 0], "uv": [13, 348], "mirror": true},
						{"origin": [0.22707, 27.9488, -27.74277], "size": [1, 1.2, 1], "inflate": -0.1502, "pivot": [-1.2561, 28.2113, -25.825], "rotation": [0, 45, 0], "uv": [0, 348], "mirror": true},
						{"origin": [-1.7561, 27.999, -28.825], "size": [1, 1.1, 1], "inflate": -0.1002, "pivot": [-1.2561, 28.2113, -25.825], "rotation": [0, 0, 0], "uv": [0, 350], "mirror": true}
					]
				},
				{
					"name": "railTLF",
					"parent": "breakaction",
					"pivot": [-1.2561, 25.3613, -34.825],
					"rotation": [0, 0, -55],
					"cubes": [
						{"origin": [-2.2561, 26.849, -37.825], "size": [2, 1.25, 6], "pivot": [-1.2561, 28.2113, -34.825], "rotation": [0, 0, 0], "uv": [0, 341], "mirror": true}
					]
				},
				{
					"name": "electricbitA6",
					"parent": "railTLF",
					"pivot": [-1.2561, 28.2113, -34.825],
					"cubes": [
						{"origin": [-0.33833, 27.9488, -37.30817], "size": [1, 1.2, 1], "inflate": -0.1502, "pivot": [-1.2561, 28.2113, -34.825], "rotation": [0, 45, 0], "uv": [0, 354], "mirror": true},
						{"origin": [-2.2561, 27.999, -37.325], "size": [2, 1.1, 5], "inflate": -0.1, "pivot": [-1.2561, 28.2113, -34.825], "rotation": [0, 0, 0], "uv": [1, 348], "mirror": true},
						{"origin": [-3.17386, 27.9488, -33.34183], "size": [1, 1.2, 1], "inflate": -0.1502, "pivot": [-1.2561, 28.2113, -34.825], "rotation": [0, 45, 0], "uv": [13, 354], "mirror": true},
						{"origin": [-1.7561, 27.999, -32.825], "size": [1, 1.1, 1], "inflate": -0.1002, "pivot": [-1.2561, 28.2113, -34.825], "rotation": [0, 0, 0], "uv": [13, 350], "mirror": true},
						{"origin": [-3.73926, 27.9488, -33.90723], "size": [1, 1.2, 1], "inflate": -0.1502, "pivot": [-1.2561, 28.2113, -34.825], "rotation": [0, 45, 0], "uv": [13, 348], "mirror": true},
						{"origin": [0.22707, 27.9488, -36.74277], "size": [1, 1.2, 1], "inflate": -0.1502, "pivot": [-1.2561, 28.2113, -34.825], "rotation": [0, 45, 0], "uv": [0, 348], "mirror": true},
						{"origin": [-1.7561, 27.999, -37.825], "size": [1, 1.1, 1], "inflate": -0.1002, "pivot": [-1.2561, 28.2113, -34.825], "rotation": [0, 0, 0], "uv": [0, 350], "mirror": true}
					]
				},
				{
					"name": "railBLF",
					"parent": "breakaction",
					"pivot": [-1.2561, 25.3387, -34.825],
					"rotation": [0, 0, 55],
					"cubes": [
						{"origin": [-2.2561, 22.601, -37.825], "size": [2, 1.25, 6], "pivot": [-1.2561, 22.4887, -34.825], "rotation": [0, 0, 0], "uv": [0, 341], "mirror": true}
					]
				},
				{
					"name": "electricbitA7",
					"parent": "railBLF",
					"pivot": [-1.2561, 22.4887, -34.825],
					"cubes": [
						{"origin": [-0.33833, 21.5512, -37.30817], "size": [1, 1.2, 1], "inflate": -0.1502, "pivot": [-1.2561, 22.4887, -34.825], "rotation": [0, 45, 0], "uv": [0, 354], "mirror": true},
						{"origin": [-2.2561, 21.601, -37.325], "size": [2, 1.1, 5], "inflate": -0.1, "pivot": [-1.2561, 22.4887, -34.825], "rotation": [0, 0, 0], "uv": [1, 348], "mirror": true},
						{"origin": [-3.17386, 21.5512, -33.34183], "size": [1, 1.2, 1], "inflate": -0.1502, "pivot": [-1.2561, 22.4887, -34.825], "rotation": [0, 45, 0], "uv": [13, 354], "mirror": true},
						{"origin": [-1.7561, 21.601, -32.825], "size": [1, 1.1, 1], "inflate": -0.1002, "pivot": [-1.2561, 22.4887, -34.825], "rotation": [0, 0, 0], "uv": [13, 350], "mirror": true},
						{"origin": [-3.73926, 21.5512, -33.90723], "size": [1, 1.2, 1], "inflate": -0.1502, "pivot": [-1.2561, 22.4887, -34.825], "rotation": [0, 45, 0], "uv": [13, 348], "mirror": true},
						{"origin": [0.22707, 21.5512, -36.74277], "size": [1, 1.2, 1], "inflate": -0.1502, "pivot": [-1.2561, 22.4887, -34.825], "rotation": [0, 45, 0], "uv": [0, 348], "mirror": true},
						{"origin": [-1.7561, 21.601, -37.825], "size": [1, 1.1, 1], "inflate": -0.1002, "pivot": [-1.2561, 22.4887, -34.825], "rotation": [0, 0, 0], "uv": [0, 350], "mirror": true}
					]
				},
				{
					"name": "railBLM",
					"parent": "breakaction",
					"pivot": [-1.2561, 25.3387, -25.825],
					"rotation": [0, 0, 55],
					"cubes": [
						{"origin": [-2.2561, 22.601, -28.825], "size": [2, 1.25, 6], "pivot": [-1.2561, 22.4887, -25.825], "rotation": [0, 0, 0], "uv": [0, 341], "mirror": true}
					]
				},
				{
					"name": "electricbitA11",
					"parent": "railBLM",
					"pivot": [-1.2561, 22.4887, -25.825],
					"cubes": [
						{"origin": [-0.33833, 21.5512, -28.30817], "size": [1, 1.2, 1], "inflate": -0.1502, "pivot": [-1.2561, 22.4887, -25.825], "rotation": [0, 45, 0], "uv": [0, 354], "mirror": true},
						{"origin": [-2.2561, 21.601, -28.325], "size": [2, 1.1, 5], "inflate": -0.1, "pivot": [-1.2561, 22.4887, -25.825], "rotation": [0, 0, 0], "uv": [1, 348], "mirror": true},
						{"origin": [-3.17386, 21.5512, -24.34183], "size": [1, 1.2, 1], "inflate": -0.1502, "pivot": [-1.2561, 22.4887, -25.825], "rotation": [0, 45, 0], "uv": [13, 354], "mirror": true},
						{"origin": [-1.7561, 21.601, -23.825], "size": [1, 1.1, 1], "inflate": -0.1002, "pivot": [-1.2561, 22.4887, -25.825], "rotation": [0, 0, 0], "uv": [13, 350], "mirror": true},
						{"origin": [-3.73926, 21.5512, -24.90723], "size": [1, 1.2, 1], "inflate": -0.1502, "pivot": [-1.2561, 22.4887, -25.825], "rotation": [0, 45, 0], "uv": [13, 348], "mirror": true},
						{"origin": [0.22707, 21.5512, -27.74277], "size": [1, 1.2, 1], "inflate": -0.1502, "pivot": [-1.2561, 22.4887, -25.825], "rotation": [0, 45, 0], "uv": [0, 348], "mirror": true},
						{"origin": [-1.7561, 21.601, -28.825], "size": [1, 1.1, 1], "inflate": -0.1002, "pivot": [-1.2561, 22.4887, -25.825], "rotation": [0, 0, 0], "uv": [0, 350], "mirror": true}
					]
				},
				{
					"name": "railBLR",
					"parent": "breakaction",
					"pivot": [-1.2561, 25.3387, -16.825],
					"rotation": [0, 0, 55],
					"cubes": [
						{"origin": [-2.2561, 22.601, -19.825], "size": [2, 1.25, 6], "pivot": [-1.2561, 22.4887, -16.825], "rotation": [0, 0, 0], "uv": [0, 341], "mirror": true}
					]
				},
				{
					"name": "electricbitA12",
					"parent": "railBLR",
					"pivot": [-1.2561, 22.4887, -16.825],
					"cubes": [
						{"origin": [-0.33833, 21.5512, -19.30817], "size": [1, 1.2, 1], "inflate": -0.1502, "pivot": [-1.2561, 22.4887, -16.825], "rotation": [0, 45, 0], "uv": [0, 354], "mirror": true},
						{"origin": [-2.2561, 21.601, -19.325], "size": [2, 1.1, 5], "inflate": -0.1, "pivot": [-1.2561, 22.4887, -16.825], "rotation": [0, 0, 0], "uv": [1, 348], "mirror": true},
						{"origin": [-3.17386, 21.5512, -15.34183], "size": [1, 1.2, 1], "inflate": -0.1502, "pivot": [-1.2561, 22.4887, -16.825], "rotation": [0, 45, 0], "uv": [13, 354], "mirror": true},
						{"origin": [-1.7561, 21.601, -14.825], "size": [1, 1.1, 1], "inflate": -0.1002, "pivot": [-1.2561, 22.4887, -16.825], "rotation": [0, 0, 0], "uv": [13, 350], "mirror": true},
						{"origin": [-3.73926, 21.5512, -15.90723], "size": [1, 1.2, 1], "inflate": -0.1502, "pivot": [-1.2561, 22.4887, -16.825], "rotation": [0, 45, 0], "uv": [13, 348], "mirror": true},
						{"origin": [0.22707, 21.5512, -18.74277], "size": [1, 1.2, 1], "inflate": -0.1502, "pivot": [-1.2561, 22.4887, -16.825], "rotation": [0, 45, 0], "uv": [0, 348], "mirror": true},
						{"origin": [-1.7561, 21.601, -19.825], "size": [1, 1.1, 1], "inflate": -0.1002, "pivot": [-1.2561, 22.4887, -16.825], "rotation": [0, 0, 0], "uv": [0, 350], "mirror": true}
					]
				},
				{
					"name": "railBRF",
					"parent": "breakaction",
					"pivot": [1.2561, 25.3387, -34.825],
					"rotation": [0, 0, -55],
					"cubes": [
						{"origin": [0.2561, 22.601, -37.825], "size": [2, 1.25, 6], "pivot": [1.2561, 22.4887, -34.825], "rotation": [0, 0, 0], "uv": [0, 341]}
					]
				},
				{
					"name": "electricbitA8",
					"parent": "railBRF",
					"pivot": [1.2561, 22.4887, -34.825],
					"cubes": [
						{"origin": [-0.66167, 21.5512, -37.30817], "size": [1, 1.2, 1], "inflate": -0.1502, "pivot": [1.2561, 22.4887, -34.825], "rotation": [0, -45, 0], "uv": [0, 354]},
						{"origin": [0.2561, 21.601, -37.325], "size": [2, 1.1, 5], "inflate": -0.1, "pivot": [1.2561, 22.4887, -34.825], "rotation": [0, 0, 0], "uv": [1, 348]},
						{"origin": [2.17386, 21.5512, -33.34183], "size": [1, 1.2, 1], "inflate": -0.1502, "pivot": [1.2561, 22.4887, -34.825], "rotation": [0, -45, 0], "uv": [13, 354]},
						{"origin": [0.7561, 21.601, -32.825], "size": [1, 1.1, 1], "inflate": -0.1002, "pivot": [1.2561, 22.4887, -34.825], "rotation": [0, 0, 0], "uv": [13, 350]},
						{"origin": [2.73926, 21.5512, -33.90723], "size": [1, 1.2, 1], "inflate": -0.1502, "pivot": [1.2561, 22.4887, -34.825], "rotation": [0, -45, 0], "uv": [13, 348]},
						{"origin": [-1.22707, 21.5512, -36.74277], "size": [1, 1.2, 1], "inflate": -0.1502, "pivot": [1.2561, 22.4887, -34.825], "rotation": [0, -45, 0], "uv": [0, 348]},
						{"origin": [0.7561, 21.601, -37.825], "size": [1, 1.1, 1], "inflate": -0.1002, "pivot": [1.2561, 22.4887, -34.825], "rotation": [0, 0, 0], "uv": [0, 350]}
					]
				},
				{
					"name": "railBRM",
					"parent": "breakaction",
					"pivot": [1.2561, 25.3387, -25.825],
					"rotation": [0, 0, -55],
					"cubes": [
						{"origin": [0.2561, 22.601, -28.825], "size": [2, 1.25, 6], "pivot": [1.2561, 22.4887, -25.825], "rotation": [0, 0, 0], "uv": [0, 341]}
					]
				},
				{
					"name": "electricbitA9",
					"parent": "railBRM",
					"pivot": [1.2561, 22.4887, -25.825],
					"cubes": [
						{"origin": [-0.66167, 21.5512, -28.30817], "size": [1, 1.2, 1], "inflate": -0.1502, "pivot": [1.2561, 22.4887, -25.825], "rotation": [0, -45, 0], "uv": [0, 354]},
						{"origin": [0.2561, 21.601, -28.325], "size": [2, 1.1, 5], "inflate": -0.1, "pivot": [1.2561, 22.4887, -25.825], "rotation": [0, 0, 0], "uv": [1, 348]},
						{"origin": [2.17386, 21.5512, -24.34183], "size": [1, 1.2, 1], "inflate": -0.1502, "pivot": [1.2561, 22.4887, -25.825], "rotation": [0, -45, 0], "uv": [13, 354]},
						{"origin": [0.7561, 21.601, -23.825], "size": [1, 1.1, 1], "inflate": -0.1002, "pivot": [1.2561, 22.4887, -25.825], "rotation": [0, 0, 0], "uv": [13, 350]},
						{"origin": [2.73926, 21.5512, -24.90723], "size": [1, 1.2, 1], "inflate": -0.1502, "pivot": [1.2561, 22.4887, -25.825], "rotation": [0, -45, 0], "uv": [13, 348]},
						{"origin": [-1.22707, 21.5512, -27.74277], "size": [1, 1.2, 1], "inflate": -0.1502, "pivot": [1.2561, 22.4887, -25.825], "rotation": [0, -45, 0], "uv": [0, 348]},
						{"origin": [0.7561, 21.601, -28.825], "size": [1, 1.1, 1], "inflate": -0.1002, "pivot": [1.2561, 22.4887, -25.825], "rotation": [0, 0, 0], "uv": [0, 350]}
					]
				},
				{
					"name": "railBRR",
					"parent": "breakaction",
					"pivot": [1.2561, 25.3387, -16.825],
					"rotation": [0, 0, -55],
					"cubes": [
						{"origin": [0.2561, 22.601, -19.825], "size": [2, 1.25, 6], "pivot": [1.2561, 22.4887, -16.825], "rotation": [0, 0, 0], "uv": [0, 341]}
					]
				},
				{
					"name": "electricbitA10",
					"parent": "railBRR",
					"pivot": [1.2561, 22.4887, -16.825],
					"cubes": [
						{"origin": [-0.66167, 21.5512, -19.30817], "size": [1, 1.2, 1], "inflate": -0.1502, "pivot": [1.2561, 22.4887, -16.825], "rotation": [0, -45, 0], "uv": [0, 354]},
						{"origin": [0.2561, 21.601, -19.325], "size": [2, 1.1, 5], "inflate": -0.1, "pivot": [1.2561, 22.4887, -16.825], "rotation": [0, 0, 0], "uv": [1, 348]},
						{"origin": [2.17386, 21.5512, -15.34183], "size": [1, 1.2, 1], "inflate": -0.1502, "pivot": [1.2561, 22.4887, -16.825], "rotation": [0, -45, 0], "uv": [13, 354]},
						{"origin": [0.7561, 21.601, -14.825], "size": [1, 1.1, 1], "inflate": -0.1002, "pivot": [1.2561, 22.4887, -16.825], "rotation": [0, 0, 0], "uv": [13, 350]},
						{"origin": [2.73926, 21.5512, -15.90723], "size": [1, 1.2, 1], "inflate": -0.1502, "pivot": [1.2561, 22.4887, -16.825], "rotation": [0, -45, 0], "uv": [13, 348]},
						{"origin": [-1.22707, 21.5512, -18.74277], "size": [1, 1.2, 1], "inflate": -0.1502, "pivot": [1.2561, 22.4887, -16.825], "rotation": [0, -45, 0], "uv": [0, 348]},
						{"origin": [0.7561, 21.601, -19.825], "size": [1, 1.1, 1], "inflate": -0.1002, "pivot": [1.2561, 22.4887, -16.825], "rotation": [0, 0, 0], "uv": [0, 350]}
					]
				},
				{
					"name": "WIRE",
					"parent": "breakaction",
					"pivot": [1.86049, 23.81877, -8.18686],
					"cubes": [
						{"origin": [0.85068, 21.53576, -10.18686], "size": [1, 2.3, 2], "inflate": -0.0002, "pivot": [1.86049, 23.81877, -8.18686], "rotation": [10.86815, 6.21271, -29.40842], "uv": [78, 322]},
						{"origin": [2, 19.81172, -10.18686], "size": [1, 2.025, 2], "pivot": [1.86049, 23.81877, -8.18686], "rotation": [12.5, 0, 0], "uv": [72, 322]},
						{"origin": [2, 18.03706, -7.94943], "size": [1, 2, 2], "inflate": -0.0002, "pivot": [2.5, 17.92579, -7.82443], "rotation": [40, 0, 0], "uv": [66, 322]}
					]
				},
				{
					"name": "DECAL",
					"parent": "gun",
					"pivot": [2.5, 23.64881, -1.00676],
					"cubes": [
						{
							"origin": [2.5, 23.64881, -1.00676],
							"size": [1, 0, 2],
							"pivot": [2.5, 23.64881, -1.00676],
							"rotation": [-50, 0, 0],
							"uv": {
								"north": {"uv": [35, 332], "uv_size": [2, 0]},
								"east": {"uv": [31, 332], "uv_size": [4, 0]},
								"south": {"uv": [41, 332], "uv_size": [2, 0]},
								"west": {"uv": [37, 332], "uv_size": [4, 0]},
								"up": {"uv": [52, 340], "uv_size": [-3, -6]},
								"down": {"uv": [37, 332], "uv_size": [2, -4]}
							}
						}
					]
				},
				{
					"name": "TWO",
					"parent": "gun",
					"pivot": [3, 24.41486, -1.64955],
					"cubes": [
						{
							"origin": [2.5, 24.41486, -2.64955],
							"size": [1, 0, 2],
							"pivot": [3, 24.41486, -1.64955],
							"rotation": [-50, 0, 0],
							"uv": {
								"north": {"uv": [35, 332], "uv_size": [2, 0]},
								"east": {"uv": [31, 332], "uv_size": [4, 0]},
								"south": {"uv": [41, 332], "uv_size": [2, 0]},
								"west": {"uv": [37, 332], "uv_size": [4, 0]},
								"up": {"uv": [46, 334], "uv_size": [-3, -6]},
								"down": {"uv": [37, 332], "uv_size": [2, -4]}
							}
						}
					]
				},
				{
					"name": "ONE",
					"parent": "gun",
					"pivot": [3, 24.41486, -1.64955],
					"cubes": [
						{
							"origin": [2.5, 24.41486, -2.64955],
							"size": [1, 0, 2],
							"pivot": [3, 24.41486, -1.64955],
							"rotation": [-50, 0, 0],
							"uv": {
								"north": {"uv": [35, 332], "uv_size": [2, 0]},
								"east": {"uv": [31, 332], "uv_size": [4, 0]},
								"south": {"uv": [41, 332], "uv_size": [2, 0]},
								"west": {"uv": [37, 332], "uv_size": [4, 0]},
								"up": {"uv": [52, 334], "uv_size": [-3, -6]},
								"down": {"uv": [37, 332], "uv_size": [2, -4]}
							}
						}
					]
				},
				{
					"name": "ZERO",
					"parent": "gun",
					"pivot": [3, 24.41486, -1.64955],
					"cubes": [
						{
							"origin": [2.5, 24.41486, -2.64955],
							"size": [1, 0, 2],
							"pivot": [3, 24.41486, -1.64955],
							"rotation": [-50, 0, 0],
							"uv": {
								"north": {"uv": [35, 332], "uv_size": [2, 0]},
								"east": {"uv": [31, 332], "uv_size": [4, 0]},
								"south": {"uv": [41, 332], "uv_size": [2, 0]},
								"west": {"uv": [37, 332], "uv_size": [4, 0]},
								"up": {"uv": [62, 334], "uv_size": [-3, -6]},
								"down": {"uv": [37, 332], "uv_size": [2, -4]}
							}
						}
					]
				},
				{
					"name": "CHARGE",
					"parent": "gun",
					"pivot": [2, 23.61667, -1.04506],
					"rotation": [-50, 0, 0],
					"cubes": [
						{
							"origin": [1.5, 23.61667, -3.04506],
							"size": [1, 0, 4],
							"uv": {
								"north": {"uv": [35, 332], "uv_size": [2, 0]},
								"east": {"uv": [31, 332], "uv_size": [4, 0]},
								"south": {"uv": [41, 332], "uv_size": [2, 0]},
								"west": {"uv": [37, 332], "uv_size": [4, 0]},
								"up": {"uv": [58, 340], "uv_size": [-3, -12]},
								"down": {"uv": [37, 332], "uv_size": [2, -4]}
							}
						}
					]
				},
				{
					"name": "WIRE2",
					"parent": "gun",
					"pivot": [3, 22.55345, -4.03823],
					"cubes": [
						{"origin": [2, 17.68416, -7.99904], "size": [1, 1.4, 2.825], "inflate": -0.0004, "pivot": [2.5, 17.68416, -5.17404], "rotation": [-5, 0, 0], "uv": [94, 321]},
						{"origin": [2, 19.55345, -8.03823], "size": [1, 3, 6], "pivot": [2.5, 22.55345, -4.03823], "rotation": [40, 0, 0], "uv": [86, 318]},
						{"origin": [2, 18.03706, -6.94943], "size": [1, 1, 1], "inflate": -0.0004, "pivot": [2.5, 17.92579, -7.82443], "rotation": [40, 0, 0], "uv": [67, 323]}
					]
				},
				{
					"name": "rightarm",
					"parent": "armR_gun",
					"pivot": [-8.3, 12.8, 24.8],
					"rotation": [-101.81106, -12.40003, -2.46982],
					"cubes": [
						{
							"origin": [-12.3, -11.2, 20.8],
							"size": [8, 24, 8],
							"uv": {
								"north": {"uv": [312, 166], "uv_size": [8, 24]},
								"east": {"uv": [170, 312], "uv_size": [8, 24]},
								"south": {"uv": [178, 312], "uv_size": [8, 24]},
								"west": {"uv": [186, 312], "uv_size": [8, 24]},
								"up": {"uv": [312, 238], "uv_size": [8, 8]},
								"down": {"uv": [312, 254], "uv_size": [8, -8]}
							}
						}
					]
				},
				{
					"name": "leftarm",
					"parent": "main",
					"pivot": [9.7, 7.3, -3.6],
					"rotation": [-89.4933, 29.654, 49.7646],
					"cubes": [
						{
							"origin": [5.7, -16.7, -7.6],
							"size": [8, 24, 8],
							"uv": {
								"north": {"uv": [312, 190], "uv_size": [8, 24]},
								"east": {"uv": [194, 312], "uv_size": [8, 24]},
								"south": {"uv": [312, 214], "uv_size": [8, 24]},
								"west": {"uv": [262, 312], "uv_size": [8, 24]},
								"up": {"uv": [270, 312], "uv_size": [8, 8]},
								"down": {"uv": [278, 320], "uv_size": [8, -8]}
							}
						}
					]
				},
				{
					"name": "_camera_",
					"pivot": [9.5, 33, 22]
				}
			]
		}
	]
}