{
"loader": "forge:separate_transforms",
  "gui_light": "front",
  "base": 
{
  "credit": "Made with Blockbench",
  "parent": "builtin/entity",
  "texture_size": [
    256,
    256
  ],
  "display": {
    "thirdperson_righthand": {
      "translation": [
        0,
        -7.25,
        -1
      ],
      "scale": [
        0.32,
        0.32,
        0.32
      ]
    },
    "thirdperson_lefthand": {
      "translation": [
        0,
        -7.25,
        -1
      ],
      "scale": [
        0.32,
        0.32,
        0.32
      ]
    },
    "firstperson_righthand": {
      "rotation": [
        0,
        0,
        3.5
      ],
      "translation": [
        2.5,
        -28,
        -8
      ]
    },
    "firstperson_lefthand": {
      "rotation": [
        0,
        0,
        -3.5
      ],
      "translation": [
        -20.5,
        -28,
        -8
      ]
    },
    "ground": {
      "translation": [
        0,
        -4.5,
        2
      ],
      "scale": [
        0.35,
        0.35,
        0.35
      ]
    },
    "gui": {
      "rotation": [
        0,
        -90,
        0
      ],
      "translation": [
        -0.75,
        -4.25,
        0
      ],
      "scale": [
        0.19999999999999998,
        0.2,
        0.19999999999999998
      ]
    },
    "head": {
      "scale": [
        0,
        0,
        0
      ]
    },
    "fixed": {
      "rotation": [
        180,
        -90,
        180
      ],
      "translation": [
        -4.5,
        -13.5,
        -1
      ],
      "scale": [
        0.62,
        0.62,
        0.62
      ]
    }
  }
},
  "perspectives": {
    "gui": {
      "parent": "item/generated",
      "textures": {
        "layer0": "pointblank:item/budget_arms_carnage_judy.icon"
      }
    }
  }
}
