{
  "name" : "cp2077_kang_tao_g58_dian",
  "type": "Gun",
  "compatibleAttachmentGroups": [
    "chimera"
  ],
  "features": [
    {
      "type": "Reticle",
      "texture": "textures/item/reticle_smartgun.png",
      "parallax": true
    }
  ],
  "maxAmmoCapacity" : 45,
  "compatibleAmmo" : ["ammo556", "ammocreative"],
  "damage" : 4.0,
  "rpm" : 700,
  "fireModes" : ["AUTOMATIC"],
  "fireSound" : "dian_fire",
  "drawCooldownDuration" : 1000,
  "aimingZoom" : 0.25,
  "gunRecoilInitialAmplitude" : 0.2,
  "shakeRecoilAmplitude" : 0.25,
  "shakeRecoilSpeed" : 1.5,
  "viewRecoilAmplitude" : 1.5,
  "inspectCooldownDuration": 4900,
  "firstPersonFallbackAnimations": "cp2077_fpp_weapon_medium",
  "effects": [
    {
      "phase": "hit_scan_acquired",
      "name": "tracer"
    },
    {
      "phase": "firing",
      "name": "muzzle_flash"
    }
  ],
  "phasedReloads": [
    {
      "phase": "RELOADING",
      "condition": "reloadIterationIndex == 0",
      "duration": 3170,
      "animation": "animation.model.reloadempty"
    },
    {
      "phase": "RELOADING",
      "condition": "reloadIterationIndex > 0",
      "duration": 2400,
      "animation": "animation.model.reload"
    }
  ]
}
