{
  "name" : "cp2077_budget_arms_carnage",
  "type": "Gun",
  "compatibleAttachmentGroups": [
    "chimera"
  ],
  "features": [
    {
        "type": "Aiming",
        "zoom": 0.25
    },
    {
      "type": "FireMode",
      "fireModes": [
        {
          "name": "single",
          "displayName": "label.pointblank.fireMode.single",
          "type": "SINGLE",
          "rpm": 30,
          "damage": 4.5,
          "pelletCount": 20,
          "pelletSpread": 0.1,
          "fireAnimations": [
            {
              "name": "animation.model.fireempty",
              "duration": 1000,
              "condition": "ammoCount == 0"
            }
          ]
        }
      ]
    }
  ],
  "maxAmmoCapacity" : 4,
  "maxAmmoPerReloadIteration" : 1,
  "compatibleAmmo" : ["ammo12gauge", "ammocreative"],
  "damage" : 90.0,
  "rpm" : 30,
  "fireSound" : "carnage_fire",
  "drawCooldownDuration" : 900,
  "aimingZoom" : 0.25,
  "gunRecoilInitialAmplitude" : 0.5,
  "shakeRecoilAmplitude" : 0.65,
  "shakeRecoilSpeed" : 1.25,
  "viewRecoilAmplitude" : 7,
  "inspectCooldownDuration": 5970,
  "firstPersonFallbackAnimations": "cp2077_fpp_weapon_heavy",
  "effects": [
    {
      "phase": "firing",
      "name": "cp2077_launcher_muzzle_ext"
    }
  ],
  "phasedReloads": [
    {
      "phase": "PREPARING",
      "condition": "reloadIterationIndex == -1",
      "duration": 1100,
      "animation": "animation.model.preparealt"
    },
    {
      "phase": "PREPARING",
      "condition": "reloadIterationIndex >= 0",
      "duration": 400,
      "animation": "animation.model.prepare"
    },
    {
      "phase": "RELOADING",
      "condition": "reloadIterationIndex == 0",
      "duration": 2000,
      "animation": "animation.model.chamberload"
    },
    {
      "phase": "RELOADING",
      "condition": "reloadIterationIndex > 0",
      "duration": 1300,
      "animation": "animation.model.iterativeload"
    },
    {
      "phase": "COMPLETETING",
      "condition": "reloadIterationIndex >= 0",
      "duration": 830,
      "animation": "animation.model.finish"
    }
  ]
}
