{
  "name" : "cp2077_rostovic_db2_satara",
  "type": "Gun",
  "compatibleAttachmentGroups": [
    "chimera"
  ],
  "features": [
    {
        "type": "Aiming",
        "zoom": 0.25
    },
    {
      "type": "FireMode",
      "fireModes": [
        {
          "name": "single",
          "displayName": "label.pointblank.fireMode.single",
          "type": "SINGLE",
          "animationName": "animation.model.fire",
          "rpm": 120,
          "damage": 3.0,
          "pelletCount": 30,
          "pelletSpread": 0.15,
          "prepareFireAnimations": [
            {
              "name": "animation.model.preparefire",
              "duration": 900
            }
          ]
        }
      ]
    },
    {
      "type": "PartVisibility",
      "parts": [
        {
          "name": "TWO",
          "visible": true,
          "condition": "ammoCount == 2"
        },
        {
          "name": "ONE",
          "visible": true,
          "condition": "ammoCount == 1"
        },
        {
          "name": "ZERO",
          "visible": true,
          "condition": "ammoCount == 0"
        }
      ]
    }
  ],
  "glowingParts": [
    {
      "name": "TWO"
    },
    {
      "name": "ONE"
    },
    {
      "name": "ZERO"
    },
    {
      "name": "CHARGE"
    },
    {
      "name": "DECAL"
    }
  ],
  "maxAmmoCapacity" : 2,
  "compatibleAmmo" : ["ammo12gauge", "ammolasercharge", "ammocreative"],
  "damage" : 90,
  "rpm" : 120,
  "fireSound" : "satara_fire",
  "gunRecoilInitialAmplitude" : 1.5,
  "shakeRecoilAmplitude" : 2,
  "shakeRecoilSpeed" : 2,
  "viewRecoilAmplitude" : 0,
  "firstPersonFallbackAnimations": "cp2077_fpp_weapon_medium",
  "drawAnimations": [
    {
      "name": "animation.model.draw",
      "duration": 900
    }
  ],
  "inspectAnimations": [
    {
      "name": "animation.model.inspect",
      "duration": 9700
    }
  ],
  "effects": [
    {
      "phase": "hit_scan_acquired",
      "name": "tracer"
    },
    {
      "phase": "firing",
      "name": "muzzle_flash_big"
    }
  ],
  "phasedReloads": [
    {
      "phase": "RELOADING",
      "condition": "reloadIterationIndex == 0",
      "duration": 3100,
      "animation": "animation.model.reloadempty"
    },
    {
      "phase": "RELOADING",
      "condition": "reloadIterationIndex > 0",
      "duration": 3100,
      "animation": "animation.model.reload"
    }
  ]
}
