{
	"format_version": "1.8.0",
	"animations": {
		"animation.model.walking": {
			"loop": true,
			"animation_length": 1,
			"bones": {
				"main": {
					"rotation": {
						"0.0": {
							"vector": [0, 0, 0]
						},
						"0.2667": {
							"vector": [-0.04281, 0.95527, -1.51742],
							"easing": "easeInSine"
						},
						"0.5333": {
							"vector": [1.08676, 1.95431, 0.49854],
							"easing": "easeInOutSine"
						},
						"0.7333": {
							"vector": [1.15691, 0.91098, 4.48055],
							"easing": "easeInOutSine"
						},
						"1.0": {
							"vector": [0, 0, 0],
							"easing": "linear"
						}
					},
					"position": {
						"0.0": {
							"vector": [0, 0, 0]
						},
						"0.15": {
							"vector": [-0.25, 0.25, 0],
							"easing": "easeInSine"
						},
						"0.4": {
							"vector": [-0.5, -1, 0],
							"easing": "easeInOutQuad"
						},
						"0.6833": {
							"vector": [-0.25, 0.85, 0],
							"easing": "easeInOutSine"
						},
						"1.0": {
							"vector": [0, 0, 0],
							"easing": "easeOutQuad"
						}
					}
				}
			}
		},
		"animation.model.walking_aiming": {
			"loop": true,
			"animation_length": 1,
			"bones": {
				"main": {
					"rotation": {
						"0.0": {
							"vector": [0, 0, 0]
						},
						"0.2667": {
							"vector": ["-0.0428 / 5", "0.9553 / 10", "-1.5174 / 5"],
							"easing": "easeInSine"
						},
						"0.5333": {
							"vector": ["1.0868 / 5", "0.5543 / 10", "0.4985 / 5"],
							"easing": "easeInOutSine"
						},
						"0.7333": {
							"vector": ["0.7569 / 5", "0.911 / 5", "2.4806 / 5"],
							"easing": "easeInOutSine"
						},
						"1.0": {
							"vector": [0, 0, 0],
							"easing": "linear"
						}
					},
					"position": {
						"0.0": {
							"vector": [0, 0, 0]
						},
						"0.15": {
							"vector": ["-0.25 / 5", "0.25 / 5", 0],
							"easing": "easeInSine"
						},
						"0.4": {
							"vector": ["-0.5 / 5", "-0.25 / 5", 0],
							"easing": "easeInOutQuad"
						},
						"0.6833": {
							"vector": ["-0.25 / 5", "0.45 / 5", 0],
							"easing": "easeInOutSine"
						},
						"1.0": {
							"vector": [0, 0, 0],
							"easing": "easeOutQuad"
						}
					}
				}
			}
		},
		"animation.model.walking_backwards": {
			"loop": true,
			"animation_length": 1,
			"bones": {
				"main": {
					"rotation": {
						"0.0": {
							"vector": [-1, 0, 0]
						},
						"0.2667": {
							"vector": [-1.04259, 0.92865, -1.53386],
							"easing": "easeInSine"
						},
						"0.5333": {
							"vector": [0.08621, 1.96271, 0.46434],
							"easing": "easeInOutSine"
						},
						"0.7333": {
							"vector": [0.15981, 0.98896, 4.46402],
							"easing": "easeInOutSine"
						},
						"1.0": {
							"vector": [-1, 0, 0],
							"easing": "linear"
						}
					},
					"position": {
						"0.0": {
							"vector": [0, 0, 0]
						},
						"0.15": {
							"vector": [-0.25, 0.25, 0],
							"easing": "easeInSine"
						},
						"0.4": {
							"vector": [-0.5, -1, 0],
							"easing": "easeInOutQuad"
						},
						"0.7": {
							"vector": [-0.25, 0.85, 0],
							"easing": "easeInOutSine"
						},
						"1.0": {
							"vector": [0, 0, 0],
							"easing": "easeOutQuad"
						}
					}
				}
			}
		},
		"animation.model.walking_right": {
			"loop": true,
			"animation_length": 1,
			"bones": {
				"main": {
					"rotation": {
						"0.0": {
							"vector": [0, 0, -5]
						},
						"0.2667": {
							"vector": [-0.04281, 0.95527, -6.51742],
							"easing": "easeInSine"
						},
						"0.5333": {
							"vector": [1.08676, 1.95431, -4.50146],
							"easing": "easeInOutSine"
						},
						"0.7333": {
							"vector": [1.15691, 0.91098, -0.51945],
							"easing": "easeInOutSine"
						},
						"1.0": {
							"vector": [0, 0, -5],
							"easing": "linear"
						}
					},
					"position": {
						"0.0": {
							"vector": [0, 0, 0]
						},
						"0.15": {
							"vector": [-0.25, 0.25, 0],
							"easing": "easeInSine"
						},
						"0.4": {
							"vector": [-0.5, -1, 0],
							"easing": "easeInOutQuad"
						},
						"0.7": {
							"vector": [-0.25, 0.85, 0],
							"easing": "easeInOutSine"
						},
						"1.0": {
							"vector": [0, 0, 0],
							"easing": "easeOutQuad"
						}
					}
				}
			}
		},
		"animation.model.walking_left": {
			"loop": true,
			"animation_length": 1,
			"bones": {
				"main": {
					"rotation": {
						"0.0": {
							"vector": [0, 0, 5]
						},
						"0.2667": {
							"vector": [-0.04281, 0.95527, 3.48258],
							"easing": "easeInSine"
						},
						"0.5333": {
							"vector": [1.08676, 1.95431, 5.49854],
							"easing": "easeInOutSine"
						},
						"0.7333": {
							"vector": [1.15691, 0.91098, 9.48055],
							"easing": "easeInOutSine"
						},
						"1.0": {
							"vector": [0, 0, 5],
							"easing": "linear"
						}
					},
					"position": {
						"0.0": {
							"vector": [0, 0, 0]
						},
						"0.15": {
							"vector": [-0.25, 0.25, 0],
							"easing": "easeInSine"
						},
						"0.4": {
							"vector": [-0.5, -1, 0],
							"easing": "easeInOutQuad"
						},
						"0.7": {
							"vector": [-0.25, 0.85, 0],
							"easing": "easeInOutSine"
						},
						"1.0": {
							"vector": [0, 0, 0],
							"easing": "easeOutQuad"
						}
					}
				}
			}
		},
		"animation.model.off_ground": {
			"animation_length": 0.0333
		},
		"animation.model.off_ground_sprinting": {
			"loop": true,
			"animation_length": 0.8,
			"bones": {
				"main": {
					"rotation": {
						"0.0": {
							"vector": [
								"-9.5046 + math.sin(query.anim_time * 160) * 1",
								"-62.0841 + math.sin(query.anim_time * 160) * 1",
								"10.7288 + math.sin(query.anim_time * 60) * 3"
							],
							"easing": "easeInOutQuad"
						},
						"0.8": {
							"vector": [-9.50457, -62.08407, 10.72879],
							"easing": "easeInOutQuad"
						}
					},
					"position": {
						"0.0": {
							"vector": ["5 + math.sin(query.anim_time * 300) * 2", -5, 0],
							"easing": "easeOutQuad"
						},
						"0.8": {
							"vector": [5, -5, 0],
							"easing": "easeInQuart"
						}
					}
				}
			}
		},
		"animation.model.runningstart": {
			"animation_length": 0.3,
			"bones": {
				"main": {
					"rotation": {
						"0.0": {
							"vector": [0, 0, 0]
						},
						"0.3": {
							"vector": [-9.50457, -62.08407, 10.72879],
							"easing": "easeInCubic"
						}
					},
					"position": {
						"0.0": {
							"vector": [0, 0, 0]
						},
						"0.3": {
							"vector": [5, -5, 0],
							"easing": "easeInQuad"
						}
					}
				}
			}
		},
		"animation.model.running": {
			"loop": true,
			"animation_length": 0.7167,
			"bones": {
				"main": {
					"rotation": {
						"0.0": {
							"vector": [-9.50457, -62.08407, 10.72879],
							"easing": "easeInOutQuad"
						},
						"0.1": {
							"vector": [0.5, -62.08, 10.73],
							"easing": "linear"
						},
						"0.2333": {
							"vector": [5.5, -62.08, 10.73],
							"easing": "easeOutSine"
						},
						"0.4167": {
							"vector": [-4.5, -62.08, 10.73],
							"easing": "easeInOutQuad"
						},
						"0.5833": {
							"vector": [-17, -62.08, 10.73],
							"easing": "easeInOutSine"
						},
						"0.7167": {
							"vector": [-9.50457, -62.08407, 10.72879],
							"easing": "easeInQuad"
						}
					},
					"position": {
						"0.0": {
							"vector": [5, -5, 0],
							"easing": "easeOutQuad"
						},
						"0.1167": {
							"vector": [8, -6, 0],
							"easing": "linear"
						},
						"0.3167": {
							"vector": [4, -3, 0],
							"easing": "easeInSine"
						},
						"0.4833": {
							"vector": [0, -5, 0],
							"easing": "easeOutSine"
						},
						"0.6": {
							"vector": [3, -3, 0],
							"easing": "easeInOutSine"
						},
						"0.7167": {
							"vector": [5, -5, 0],
							"easing": "easeInSine"
						}
					}
				}
			}
		},
		"animation.model.runningend": {
			"animation_length": 0.65,
			"bones": {
				"main": {
					"rotation": {
						"0.0333": {
							"vector": [-9.50457, -62.08407, 10.72879],
							"easing": "easeInOutQuad"
						},
						"0.6167": {
							"vector": [0, 0, 0],
							"easing": "easeInElastic",
							"easingArgs": [1]
						}
					},
					"position": {
						"0.0": {
							"vector": [5, -5, 0],
							"easing": "easeOutQuad"
						},
						"0.65": {
							"vector": [0, 0, 0],
							"easing": "easeInElastic",
							"easingArgs": [1.5]
						}
					}
				}
			}
		}
	},
	"geckolib_format_version": 2
}