{
	"format_version": "1.8.0",
	"animations": {
		"animation.model.draw": {
			"loop": "hold_on_last_frame",
			"animation_length": 0.8,
			"bones": {
				"main": {
					"rotation": {
						"0.0667": {
							"vector": [32.5, 0, 0]
						},
						"0.3333": {
							"vector": [21.55613, -6.60796, 16.24074],
							"easing": "easeInOutSine"
						},
						"0.8": {
							"vector": [0, 0, 0],
							"easing": "easeInOutBack"
						}
					},
					"position": {
						"0.0": {
							"vector": [0, -18, 25]
						},
						"0.2667": {
							"vector": [4, 1, 0],
							"easing": "easeInOutSine"
						},
						"0.7333": {
							"vector": [0, 0, 0],
							"easing": "easeInOutBack"
						}
					}
				},
				"rightarm": {
					"rotation": {
						"0.1667": {
							"vector": [0, 0, 0]
						},
						"0.4": {
							"vector": [-17.00715, 9.72507, 17.61127],
							"easing": "easeInOutSine"
						},
						"0.8": {
							"vector": [0, 0, 0],
							"easing": "easeInOutQuad"
						}
					},
					"position": {
						"0.1": {
							"vector": [0, 0, 0]
						},
						"0.2333": {
							"vector": [-2.49737, -3.0199, 12.40309],
							"easing": "easeInSine"
						},
						"0.3667": {
							"vector": [-2.01878, -1.8902, 9.6489],
							"easing": "easeOutSine"
						},
						"0.7667": {
							"vector": [0, 0, 0],
							"easing": "easeInOutBack"
						}
					}
				},
				"glow3": {
					"scale": {
						"0.6": {
							"vector": [0, 0, 0]
						},
						"0.8": {
							"vector": [1, 1, 1]
						}
					}
				},
				"glow": {
					"scale": {
						"0.4": {
							"vector": [0, 0, 0]
						},
						"0.6": {
							"vector": [1, 1, 1]
						}
					}
				},
				"glow2": {
					"scale": {
						"0.5": {
							"vector": [0, 0, 0]
						},
						"0.7": {
							"vector": [1, 1, 1]
						}
					}
				},
				"_camera_": {
					"rotation": {
						"0.0": {
							"vector": [0, 0, 0]
						},
						"0.3": {
							"vector": [1.5, 3, -1.2],
							"easing": "easeInOutSine"
						},
						"0.7667": {
							"vector": [0, 0, 0],
							"easing": "easeInOutBack"
						}
					}
				}
			},
			"sound_effects": {
				"0.0333": {
					"effect": "senkoh_draw1"
				},
				"0.4333": {
					"effect": "senkoh_draw2"
				}
			}
		},
		"animation.model.inspect": {
			"loop": true,
			"animation_length": 4.9333,
			"bones": {
				"main": {
					"rotation": {
						"0.0333": {
							"vector": [0, 0, 0]
						},
						"0.7": {
							"vector": [-7.31067, -35.53414, -40.72559],
							"easing": "easeInOutBack"
						},
						"1.2": {
							"vector": [-6.84, -35.53, -40.73],
							"easing": "easeInQuad"
						},
						"1.5667": {
							"vector": [1.1839, -31.87305, -49.34013],
							"easing": "easeInOutSine"
						},
						"2.3": {
							"vector": [2.31063, -32.11934, -49.13139],
							"easing": "easeInOutSine"
						},
						"2.6333": {
							"vector": [-22.17, -1.6, -5.2],
							"easing": "easeInBack",
							"easingArgs": [0.5]
						},
						"3.0": {
							"vector": [-49.78532, 21.45117, 31.38217],
							"easing": "easeOutBack",
							"easingArgs": [0.5]
						},
						"3.2667": {
							"vector": [-50.11, 22.69, 32.71],
							"easing": "easeInQuad"
						},
						"3.4333": {
							"vector": [-49.73153, 25.97824, 35.9594],
							"easing": "easeInOutSine"
						},
						"4.0": {
							"vector": [-49.95228, 26.94501, 36.99618],
							"easing": "easeOutQuad"
						},
						"4.3": {
							"vector": [-7.00952, 13.39041, 22.56792],
							"easing": "easeInBack"
						},
						"4.3667": {
							"vector": [3.84059, 8.73414, 20.15028]
						},
						"4.4333": {
							"vector": [14.99553, 3.12939, 17.4739]
						},
						"4.5": {
							"vector": [20.65888, -0.73103, 20.27985]
						},
						"4.9333": {
							"vector": [0, 0, 0],
							"easing": "easeInOutBack",
							"easingArgs": [1]
						}
					},
					"position": {
						"0.0": {
							"vector": [0, 0, 0]
						},
						"0.6667": {
							"vector": [4, 11, -7],
							"easing": "easeInOutBack"
						},
						"1.1667": {
							"vector": [4.26, 10.87, -7],
							"easing": "easeInQuad"
						},
						"1.5333": {
							"vector": [4.51, 9.87, -8],
							"easing": "easeInOutSine"
						},
						"2.2333": {
							"vector": [4.75, 9.75, -8],
							"easing": "easeOutSine"
						},
						"2.6": {
							"vector": [13.25, 1.25, -8],
							"easing": "easeInBack",
							"easingArgs": [0.5]
						},
						"2.9333": {
							"vector": [21.75, 4.75, -8],
							"easing": "easeOutBack",
							"easingArgs": [0.5]
						},
						"3.2333": {
							"vector": [21.85, 4.75, -8],
							"easing": "easeInQuad"
						},
						"3.4": {
							"vector": [21.94, 4.75, -8],
							"easing": "easeInOutSine"
						},
						"3.9333": {
							"vector": [22, 4.75, -8],
							"easing": "easeOutQuad"
						},
						"4.3333": {
							"vector": [2.08, -8.69, -2.21],
							"easing": "easeInOutQuad"
						},
						"4.9": {
							"vector": [0, 0, 0],
							"easing": "easeInOutBack"
						}
					}
				},
				"rightarm": {
					"rotation": {
						"2.4333": {
							"vector": [0, 0, 0]
						},
						"2.8333": {
							"vector": [7.57193, 4.97863, -0.46745],
							"easing": "easeInOutSine"
						},
						"4.2333": {
							"vector": [7.57, 4.98, -0.47]
						},
						"4.4": {
							"vector": [0, 0, 0]
						}
					},
					"position": {
						"2.4": {
							"vector": [0, 0, 0]
						},
						"2.8": {
							"vector": [0, 2, 4],
							"easing": "easeInOutSine"
						},
						"4.2333": {
							"vector": [0, 2, 4]
						},
						"4.4": {
							"vector": [0, 0, 0]
						}
					}
				},
				"gun": {
					"rotation": {
						"0.2333": {
							"vector": [0, 0, 0]
						},
						"0.4": {
							"vector": [-12.17822, -7.67274, -1.63351],
							"easing": "easeInOutSine"
						},
						"2.5333": {
							"vector": [-12.18, -7.67, -1.63]
						},
						"2.8667": {
							"vector": [0, 0, 0],
							"easing": "easeInOutSine"
						}
					},
					"position": {
						"0.2": {
							"vector": [0, 0, 0]
						},
						"0.3667": {
							"vector": [3, 0, 0],
							"easing": "easeInOutSine"
						},
						"2.5333": {
							"vector": [3, 0, 0]
						},
						"2.8667": {
							"vector": [0, 0, 0],
							"easing": "easeInOutSine"
						}
					}
				},
				"leftarm": {
					"rotation": {
						"0.0333": {
							"vector": [0, 0, 0]
						},
						"0.3": {
							"vector": [5, 0, 15],
							"easing": "easeInSine"
						},
						"2.5333": {
							"vector": [5, 0, 15]
						},
						"2.9333": {
							"vector": [0, 0, 0],
							"easing": "easeInOutQuad"
						}
					},
					"position": {
						"0.0": {
							"vector": [0, 0, 0]
						},
						"0.2667": {
							"vector": [17, -40, 44],
							"easing": "easeInSine"
						},
						"2.5": {
							"vector": [17, -40, 44],
							"easing": "easeInSine"
						},
						"2.7": {
							"vector": [10.83, -2.57, 20.77],
							"easing": "easeInQuad"
						},
						"2.8667": {
							"vector": [3.328, -2.22892, 4.57781],
							"easing": "easeOutQuad"
						},
						"4.4333": {
							"vector": [3.33, -2.23, 4.58]
						},
						"4.5": {
							"vector": [0, 0, 0]
						}
					},
					"scale": {
						"0.2": {
							"vector": [1, 1, 1]
						},
						"0.3333": {
							"vector": [0, 0, 0]
						},
						"2.5": {
							"vector": [0, 0, 0]
						},
						"2.7": {
							"vector": [1, 1.3, 1]
						},
						"4.4333": {
							"vector": [1, 1.3, 1]
						},
						"4.5": {
							"vector": [1, 1, 1]
						}
					}
				},
				"_camera_": {
					"rotation": {
						"0.0": {
							"vector": [0, 0, 0]
						},
						"0.8": {
							"vector": [-1, 1, -0.5],
							"easing": "easeInOutBack"
						},
						"2.4333": {
							"vector": [-0.7, 0.5, -0.52],
							"easing": "easeInOutElastic",
							"easingArgs": [1.5]
						},
						"3.0": {
							"vector": [2, -2, 1],
							"easing": "easeInOutQuad"
						},
						"4.0667": {
							"vector": [3, -3, 1.5],
							"easing": "easeInOutSine"
						},
						"4.4": {
							"vector": [2, 1, -0.7],
							"easing": "easeInOutQuad"
						},
						"4.9": {
							"vector": [0, 0, 0],
							"easing": "easeInOutBack"
						}
					}
				}
			},
			"sound_effects": {
				"0.0667": {
					"effect": "senkoh_inspect1"
				},
				"2.4": {
					"effect": "senkoh_draw1"
				},
				"4.1": {
					"effect": "senkoh_inspect3"
				},
				"4.5": {
					"effect": "senkoh_inspect2"
				}
			}
		},
		"animation.model.fire": {
			"loop": true,
			"animation_length": 0.0333,
			"bones": {
				"slide": {
					"position": {
						"0.0": {
							"vector": [0, 0, 0]
						},
						"0.0333": {
							"vector": [0, 0, 7.5]
						}
					}
				}
			}
		},
		"animation.model.preparefire": {
			"animation_length": 0.8,
			"bones": {
				"main": {
					"rotation": {
						"0.0": {
							"vector": [0, 0, 0]
						},
						"0.8": {
							"vector": [0, "math.sin(query.anim_time * 3000) * 0.3", 0],
							"easing": "easeInCubic"
						}
					},
					"position": {
						"0.0": {
							"vector": [0, 0, 0]
						},
						"0.8": {
							"vector": ["math.sin(query.anim_time * 1000) * 0.05", "math.sin(query.anim_time * 700) * 0.05", 0]
						}
					}
				}
			},
			"sound_effects": {
				"0.0333": {
					"effect": "senkoh_charge"
				}
			}
		},
		"animation.model.reload": {
			"loop": true,
			"animation_length": 2.8333,
			"bones": {
				"main": {
					"rotation": {
						"0.0333": {
							"vector": [0, 0, 0]
						},
						"0.4": {
							"vector": [-20.19111, -41.74405, -25.87555],
							"easing": "easeInOutBack",
							"easingArgs": [0.7]
						},
						"0.7667": {
							"vector": [-21.19, -41.74, -25.88],
							"easing": "easeInOutQuad"
						},
						"1.0333": {
							"vector": [-18.49, -41.74, -25.88],
							"easing": "easeInQuad"
						},
						"1.3333": {
							"vector": [-13.49, -41.74, -25.88],
							"easing": "easeOutBack"
						},
						"1.6333": {
							"vector": [-18.52082, -45.65714, -38.62811],
							"easing": "easeInOutSine"
						},
						"1.7667": {
							"vector": [-20.62878, -45.98726, -38.45967],
							"easing": "easeInQuad"
						},
						"2.0": {
							"vector": [-26.62765, -46.52028, -38.14229],
							"easing": "easeOutBack"
						},
						"2.2667": {
							"vector": [-22.01532, -46.20078, -38.33949],
							"easing": "easeInOutQuad"
						},
						"2.8333": {
							"vector": [0, 0, 0],
							"easing": "easeInOutBack"
						}
					},
					"position": {
						"0.0": {
							"vector": [0, 0, 0]
						},
						"0.3667": {
							"vector": [0, 10, -7],
							"easing": "easeInOutBack",
							"easingArgs": [0.7]
						},
						"0.7333": {
							"vector": [0, 10.25, -7],
							"easing": "easeInOutQuad"
						},
						"1.0": {
							"vector": [0.5, 9.69, -7],
							"easing": "easeInQuad"
						},
						"1.3": {
							"vector": [1.10392, 8.92889, -7.23664],
							"easing": "easeOutBack"
						},
						"1.6": {
							"vector": [-1.18, 9.21, -7.17],
							"easing": "easeInOutSine"
						},
						"1.7333": {
							"vector": [-1.81365, 9.9825, -6.96759],
							"easing": "easeInQuad"
						},
						"1.9667": {
							"vector": [-2.61722, 10.74296, -6.74106],
							"easing": "easeOutBack"
						},
						"2.2333": {
							"vector": [-2, 10, -7],
							"easing": "easeInOutQuad"
						},
						"2.8": {
							"vector": [0, 0, 0],
							"easing": "easeInOutBack"
						}
					}
				},
				"gun": {
					"rotation": {
						"0.0": {
							"vector": [0, 0, 0]
						},
						"0.2": {
							"vector": [-5, 0, 0],
							"easing": "easeInOutSine"
						},
						"2.5333": {
							"vector": [-5, 0, 0]
						},
						"2.7": {
							"vector": [0, 0, 0],
							"easing": "easeInOutSine"
						}
					},
					"position": {
						"0.0": {
							"vector": [0, 0, 0]
						},
						"0.2": {
							"vector": [3, 0, 0],
							"easing": "easeInOutSine"
						},
						"2.5": {
							"vector": [3, 0, 0]
						},
						"2.6667": {
							"vector": [0, 0, 0],
							"easing": "easeInOutSine"
						}
					}
				},
				"magazine": {
					"rotation": {
						"0.3667": {
							"vector": [0, 0, 0]
						},
						"0.4": {
							"vector": [22.5, 0, -15]
						},
						"1.0333": {
							"vector": [22.5, 0, -15]
						},
						"1.3": {
							"vector": [0, 0, 0],
							"easing": "easeInOutQuad"
						}
					},
					"position": {
						"0.3667": {
							"vector": [0, 0, 0]
						},
						"0.4": {
							"vector": [8.20332, -36.78805, 9.40512]
						},
						"0.7": {
							"vector": [-1.8, -6.79, 2.41],
							"easing": "easeInOutQuad"
						},
						"1.0333": {
							"vector": [-1.8, -20.79, 7.41],
							"easing": "easeInCubic"
						},
						"1.3": {
							"vector": [0, -19.94476, 9.22262],
							"easing": "easeInOutQuad"
						},
						"1.7333": {
							"vector": [0, 0, 0],
							"easing": "easeInQuad"
						}
					},
					"scale": {
						"0.0": {
							"vector": [0, 0, 0]
						},
						"0.4": {
							"vector": [0, 0, 0]
						},
						"0.4333": {
							"vector": [1, 1, 1]
						}
					}
				},
				"magazine2": {
					"rotation": {
						"1.0333": {
							"vector": [0, 0, 0]
						},
						"1.3": {
							"vector": [-17.0961, 1.80267, 6.7972],
							"easing": "easeInOutQuad"
						},
						"1.7333": {
							"vector": [20.2, -13.77, -10.99],
							"easing": "easeInBack",
							"easingArgs": [2]
						},
						"1.9": {
							"vector": [22.57701, -14.7574, -12.12131],
							"easing": "easeOutBack",
							"easingArgs": [2]
						},
						"2.1667": {
							"vector": [50.18503, -14.2717, -38.10621],
							"easing": "easeInBack",
							"easingArgs": [3]
						},
						"2.6": {
							"vector": [332.69, -14.27, -38.11]
						},
						"2.6667": {
							"vector": [0, 0, 0]
						}
					},
					"position": {
						"0.7": {
							"vector": [0, 0, 0]
						},
						"1.0333": {
							"vector": [0, -14.50092, 6.76189],
							"easing": "easeInCubic"
						},
						"1.3": {
							"vector": [2.67138, -14.08042, 9.99161],
							"easing": "easeInOutQuad"
						},
						"1.7333": {
							"vector": [3.89526, -2.69844, -1.97412],
							"easing": "easeInQuad"
						},
						"1.8333": {
							"vector": [3.9, -2.7, -1.97]
						},
						"1.9": {
							"vector": [3.90783, -2.58247, -1.83908]
						},
						"1.9333": {
							"vector": [4.02614, -2.60816, -1.57623]
						},
						"1.9667": {
							"vector": [3.92148, -2.39415, -1.28813]
						},
						"2.0": {
							"vector": [3.92132, -2.20989, -1.43632]
						},
						"2.0333": {
							"vector": [5.03344, -3.52544, -2.28569]
						},
						"2.0667": {
							"vector": [7.06882, -4.95678, -2.70462]
						},
						"2.1": {
							"vector": [6.40048, -7.18951, -4.57804]
						},
						"2.1333": {
							"vector": [8.74448, -11.80548, -8.74351]
						},
						"2.1667": {
							"vector": [11.18556, -14.84719, -10.89787],
							"easing": "linear"
						},
						"2.2333": {
							"vector": [21.81, -22.58, -15.88]
						},
						"2.3": {
							"vector": [31.37, -31.51, -17.81]
						},
						"2.6": {
							"vector": [65.8185, -75.19595, -18.09127]
						},
						"2.6667": {
							"vector": [0, 0, 0]
						}
					},
					"scale": {
						"2.3333": {
							"vector": [1, 1, 1]
						},
						"2.4667": {
							"vector": [0, 0, 0]
						},
						"2.6667": {
							"vector": [0, 0, 0]
						},
						"2.7": {
							"vector": [1, 1, 1]
						}
					}
				},
				"leftarm": {
					"rotation": {
						"0.0": {
							"vector": [0, 0, 0]
						},
						"0.3": {
							"vector": [2.44489, 11.72292, -2.54129],
							"easing": "easeInOutSine"
						},
						"0.3667": {
							"vector": [2.44, 11.72, -2.54]
						},
						"0.4": {
							"vector": [1.0303, 20.69011, 41.93275]
						},
						"0.7": {
							"vector": [1.03, 20.69, 41.93],
							"easing": "easeInOutQuad"
						},
						"1.0333": {
							"vector": [1.03, 20.69, 41.93]
						},
						"1.3": {
							"vector": [16.88149, 31.76013, 69.69838],
							"easing": "easeInOutQuad"
						},
						"1.9": {
							"vector": [16.88, 31.76, 69.7]
						},
						"2.0": {
							"vector": [16.88, 33.76, 69.7],
							"easing": "easeInSine"
						},
						"2.2667": {
							"vector": [7.50634, -3.267, 44.17233],
							"easing": "easeInOutBack",
							"easingArgs": [1]
						},
						"2.8333": {
							"vector": [0, 0, 0],
							"easing": "easeInOutBack"
						}
					},
					"position": {
						"0.0": {
							"vector": [0, 0, 0]
						},
						"0.3": {
							"vector": [15.76834, -49.49572, 24.4341],
							"easing": "easeInOutSine"
						},
						"0.3667": {
							"vector": [15.77, -49.5, 24.43]
						},
						"0.4": {
							"vector": [8.7713, -48.2899, 30.63918]
						},
						"0.7": {
							"vector": [-1.23, -18.29, 23.64],
							"easing": "easeInOutQuad"
						},
						"1.0333": {
							"vector": [-1.23, -32.29, 28.64],
							"easing": "easeInCubic"
						},
						"1.3": {
							"vector": [-0.31793, -34.90889, 28.08362],
							"easing": "easeInOutQuad"
						},
						"1.7333": {
							"vector": [-0.32, -18.91, 21.08],
							"easing": "easeInQuad"
						},
						"1.8333": {
							"vector": [-0.32, -18.91, 21.08],
							"easing": "easeInQuad"
						},
						"2.2333": {
							"vector": [3.70794, -22.60818, 18.61035],
							"easing": "easeInOutBack",
							"easingArgs": [1]
						},
						"2.8": {
							"vector": [0, 0, 0],
							"easing": "easeInOutBack"
						}
					}
				},
				"_camera_": {
					"rotation": {
						"0.0": {
							"vector": [0, 0, 0]
						},
						"0.4333": {
							"vector": [-1, -1, 0.6],
							"easing": "easeInOutSine"
						},
						"0.7667": {
							"vector": [1, 0, 0.3],
							"easing": "easeInOutQuad"
						},
						"1.1": {
							"vector": [2, -1, 0.7],
							"easing": "easeInCubic"
						},
						"1.4": {
							"vector": [3, -2.5, 1.5],
							"easing": "easeOutBack"
						},
						"1.6": {
							"vector": [2, -1, 0.7],
							"easing": "easeInOutSine"
						},
						"1.9": {
							"vector": [0, 1, 0],
							"easing": "easeInCubic"
						},
						"2.4": {
							"vector": [-0.5, -1, 0.2],
							"easing": "easeInOutBack",
							"easingArgs": [3]
						},
						"2.8": {
							"vector": [0, 0, 0],
							"easing": "easeInOutQuad"
						}
					}
				}
			},
			"sound_effects": {
				"0.7": {
					"effect": "senkoh_magout1"
				},
				"1.4": {
					"effect": "senkoh_magin1"
				},
				"2.1333": {
					"effect": "senkoh_finish"
				}
			}
		},
		"animation.model.reloadempty": {
			"loop": true,
			"animation_length": 2.8333,
			"bones": {
				"main": {
					"rotation": {
						"0.0667": {
							"vector": [0, 0, 0]
						},
						"0.3": {
							"vector": [-11.21792, -7.46491, -11.21792],
							"easing": "easeInOutCubic"
						},
						"0.7333": {
							"vector": [-6.84578, -6.89077, -6.21325],
							"easing": "easeInOutBack",
							"easingArgs": [3]
						},
						"1.0667": {
							"vector": [-3.12357, -22.03766, -62.18186],
							"easing": "easeInOutSine"
						},
						"1.2667": {
							"vector": [-5.62357, -22.03766, -62.18186],
							"easing": "easeInOutSine"
						},
						"1.5667": {
							"vector": [-4.12357, -22.03766, -62.18186],
							"easing": "easeInOutSine"
						},
						"2.0667": {
							"vector": [-6.62357, -22.03766, -62.18186],
							"easing": "easeInCubic"
						},
						"2.2667": {
							"vector": [-11.62357, -22.03766, -62.18186],
							"easing": "easeOutBack",
							"easingArgs": [3]
						},
						"2.8333": {
							"vector": [0, 0, 0],
							"easing": "easeInOutBack"
						}
					},
					"position": {
						"0.0": {
							"vector": [0, 0, 0]
						},
						"0.2333": {
							"vector": [0, 10, -7],
							"easing": "easeInOutCubic"
						},
						"0.6667": {
							"vector": [0.21564, 9.04278, -7.19293],
							"easing": "easeInOutBack",
							"easingArgs": [3]
						},
						"1.0": {
							"vector": [0.22, 9.04, -7.19],
							"easing": "easeInOutSine"
						},
						"1.2": {
							"vector": [-0.23, 9.25203, -7.13449],
							"easing": "easeInOutSine"
						},
						"1.5333": {
							"vector": [0.21867, 9.03608, -7.17991],
							"easing": "easeInOutSine"
						},
						"2.0333": {
							"vector": [-0.67606, 9.47768, -7.11325],
							"easing": "easeInCubic"
						},
						"2.2": {
							"vector": [-1.568, 9.92755, -7.06784],
							"easing": "easeOutBack",
							"easingArgs": [3]
						},
						"2.7667": {
							"vector": [0, 0, 0],
							"easing": "easeInOutBack"
						}
					}
				},
				"gun": {
					"rotation": {
						"0.0": {
							"vector": [0, 0, 0]
						},
						"0.2667": {
							"vector": [-7.5, -5, 0]
						},
						"2.3667": {
							"vector": [-7.5, -5, 0]
						},
						"2.6": {
							"vector": [0, 0, 0],
							"easing": "easeInOutSine"
						}
					},
					"position": {
						"0.0": {
							"vector": [0, 0, 0]
						},
						"0.2": {
							"vector": [3, 0, 0]
						},
						"2.3333": {
							"vector": [3, 0, 0]
						},
						"2.5667": {
							"vector": [0, 0, 0],
							"easing": "easeInOutSine"
						}
					}
				},
				"magazine": {
					"rotation": {
						"0.6333": {
							"vector": [0, 0, 0]
						},
						"0.9667": {
							"vector": [85, 0, 0],
							"easing": "easeOutSine"
						},
						"1.0333": {
							"vector": [290.06877, 19.15989, 100.00936],
							"easing": "easeOutCubic"
						},
						"1.2667": {
							"vector": [-0.48366, 39.04837, 105.27185],
							"easing": "easeOutCubic"
						},
						"1.4667": {
							"vector": [0, 0, 0],
							"easing": "easeInOutSine"
						}
					},
					"position": {
						"0.5": {
							"vector": [0, 0, 0]
						},
						"0.9667": {
							"vector": [0, -48.94062, 22.82139],
							"easing": "easeOutSine"
						},
						"1.0": {
							"vector": [-16.23, -23.34, 14.97]
						},
						"1.0333": {
							"vector": [-6.77, -17.34, 10.86]
						},
						"1.0667": {
							"vector": [-0.28, -13.21, 8.03]
						},
						"1.1": {
							"vector": [5.6757, -11.55384, 7.01353]
						},
						"1.1333": {
							"vector": [7.44555, -10.47466, 6.44888]
						},
						"1.2": {
							"vector": [6.3063, -9.21976, 5.587]
						},
						"1.2333": {
							"vector": [6.14, -9.14, 5.24]
						},
						"1.2667": {
							"vector": [5.87, -9.31, 5.36],
							"easing": "linear"
						},
						"1.4667": {
							"vector": [0, -14.50092, 6.76189],
							"easing": "easeInOutSine"
						},
						"1.5333": {
							"vector": [0, -11.82072, 5.40628],
							"easing": "easeInSine"
						},
						"2.0333": {
							"vector": [0, -0.00108, 0.00215],
							"easing": "easeInQuart"
						}
					}
				},
				"bullet": {
					"scale": {
						"0.0": {
							"vector": [0, 0, 0]
						},
						"0.9667": {
							"vector": [0, 0, 0]
						},
						"1.0": {
							"vector": [1, 1, 1]
						}
					}
				},
				"magazine2": {
					"scale": {
						"vector": [0, 0, 0]
					}
				},
				"leftarm": {
					"rotation": {
						"0.0": {
							"vector": [0, 0, 0]
						},
						"0.2": {
							"vector": [-0.25044, -15.81845, 17.83828]
						},
						"0.8": {
							"vector": [6.13, -0.89, 34.29]
						},
						"1.0333": {
							"vector": [51.56093, 1.15694, 111.88787]
						},
						"1.2667": {
							"vector": [18.2, 19.37, 113.34],
							"easing": "easeOutBack",
							"easingArgs": [0.6]
						},
						"1.3667": {
							"vector": [-8.26988, -9.46307, 57.24345],
							"easing": "easeInSine"
						},
						"1.4667": {
							"vector": [-1.99, -38.74, 12.71],
							"easing": "easeOutSine"
						},
						"1.8": {
							"vector": [0.33758, -45.23354, 4.30987],
							"easing": "easeInSine"
						},
						"2.0333": {
							"vector": [12.83542, -15.76316, 66.00929],
							"easing": "easeInSine"
						},
						"2.4": {
							"vector": [13.96584, -11.90483, 73.03006],
							"easing": "easeOutBack",
							"easingArgs": [2]
						},
						"2.5333": {
							"vector": [7.84501, -20.32215, 40.91165],
							"easing": "easeInQuad"
						},
						"2.7": {
							"vector": [0, 0, 0],
							"easing": "easeOutQuad"
						}
					},
					"position": {
						"0.0": {
							"vector": [0, 0, 0]
						},
						"0.2": {
							"vector": [13.33355, -58.27628, 10.49245]
						},
						"0.8": {
							"vector": [12.02, -40.55, 13.03]
						},
						"1.0": {
							"vector": [-17.90063, -36.04503, 35.765]
						},
						"1.2333": {
							"vector": [-7.67554, -21.74938, 22.56293],
							"easing": "easeOutBack",
							"easingArgs": [0.6]
						},
						"1.4667": {
							"vector": [-9.94122, -21.7305, 28.39794],
							"easing": "easeInOutSine"
						},
						"1.5333": {
							"vector": [-9.94, -18.73, 28.4],
							"easing": "easeInSine"
						},
						"2.0333": {
							"vector": [-9.94, -8.73, 28.4],
							"easing": "easeInQuart"
						},
						"2.3667": {
							"vector": [-9.94, -8.73, 28.4]
						},
						"2.5": {
							"vector": [-2.58528, -7.50688, 13.55947],
							"easing": "easeInQuad"
						},
						"2.6667": {
							"vector": [0, 0, 0],
							"easing": "easeOutQuad"
						}
					}
				},
				"_camera_": {
					"rotation": {
						"0.0": {
							"vector": [0, 0, 0]
						},
						"0.4": {
							"vector": [-2, 1, -0.3],
							"easing": "easeInOutQuad"
						},
						"0.8": {
							"vector": [1, 0.3, 0],
							"easing": "easeInOutBack"
						},
						"1.3333": {
							"vector": [2, -2, 1],
							"easing": "easeInOutQuad"
						},
						"1.6333": {
							"vector": [1.3, 0, 0],
							"easing": "easeInOutSine"
						},
						"2.1333": {
							"vector": [-0.5, 1, -1],
							"easing": "easeInCubic"
						},
						"2.3667": {
							"vector": [-1.75, 2.5, -2],
							"easing": "easeOutBack"
						},
						"2.8": {
							"vector": [0, 0, 0],
							"easing": "easeInOutQuad"
						}
					}
				}
			},
			"sound_effects": {
				"0.5": {
					"effect": "senkoh_magout2"
				},
				"1.0": {
					"effect": "senkoh_magflip"
				},
				"1.5": {
					"effect": "senkoh_magin2"
				},
				"2.3667": {
					"effect": "senkoh_inspect1"
				}
			}
		},
		"animation.model.completefire1": {
			"animation_length": 0.1
		},
		"animation.model.completefire2": {
			"animation_length": 0.4,
			"bones": {
				"main": {
					"rotation": {
						"0.0": {
							"vector": [0, "0 + math.sin(query.anim_time * 3000) * 0.3", 0],
							"easing": "easeInCubic"
						},
						"0.4": {
							"vector": [0, 0, 0]
						}
					},
					"position": {
						"0.0": {
							"vector": ["0 + math.sin(query.anim_time * 1000) * 0.05", "0 + math.sin(query.anim_time * 700) * 0.05", 0]
						},
						"0.4": {
							"vector": [0, 0, 0]
						}
					}
				}
			}
		},
		"animation.model.walking": {
			"loop": true,
			"animation_length": 0.75,
			"bones": {
				"main": {
					"rotation": {
						"0.0": {
							"vector": [0, 0, 0]
						},
						"0.2": {
							"vector": [-0.04281, 0.95527, -2.51742],
							"easing": "easeInSine"
						},
						"0.4": {
							"vector": [1.08676, 1.95431, 2.49854],
							"easing": "easeInOutSine"
						},
						"0.55": {
							"vector": [1.15691, 0.91098, 4.48055],
							"easing": "easeInOutSine"
						},
						"0.75": {
							"vector": [0, 0, 0],
							"easing": "linear"
						}
					},
					"position": {
						"0.0": {
							"vector": [0, 0, 0]
						},
						"0.1167": {
							"vector": [-0.25, 0.25, 0],
							"easing": "easeInSine"
						},
						"0.3": {
							"vector": [-0.5, -0.5, 0],
							"easing": "easeInOutQuad"
						},
						"0.5167": {
							"vector": [-0.25, 0.35, 0],
							"easing": "easeInOutSine"
						},
						"0.75": {
							"vector": [0, 0, 0],
							"easing": "easeOutQuad"
						}
					}
				}
			}
		},
		"animation.model.walking_backwards": {
			"loop": true,
			"animation_length": 0.75,
			"bones": {
				"main": {
					"rotation": {
						"0.0": {
							"vector": [-5, 0, 0]
						},
						"0.2": {
							"vector": [-5.04281, 0.95527, -2.51742],
							"easing": "easeInSine"
						},
						"0.4": {
							"vector": [-3.91324, 1.95431, 2.49854],
							"easing": "easeInOutSine"
						},
						"0.55": {
							"vector": [-3.84309, 0.91098, 4.48055],
							"easing": "easeInOutSine"
						},
						"0.75": {
							"vector": [-5, 0, 0],
							"easing": "linear"
						}
					},
					"position": {
						"0.0": {
							"vector": [0, 0, 0]
						},
						"0.1167": {
							"vector": [-0.25, 0.25, 0],
							"easing": "easeInSine"
						},
						"0.3": {
							"vector": [-0.5, -0.5, 0],
							"easing": "easeInOutQuad"
						},
						"0.5167": {
							"vector": [-0.25, 0.35, 0],
							"easing": "easeInOutSine"
						},
						"0.75": {
							"vector": [0, 0, 0],
							"easing": "easeOutQuad"
						}
					}
				}
			}
		},
		"animation.model.walking_right": {
			"loop": true,
			"animation_length": 0.75,
			"bones": {
				"main": {
					"rotation": {
						"0.0": {
							"vector": [0, 0, -7.5]
						},
						"0.2": {
							"vector": [-0.16714, 0.94151, -10.01844],
							"easing": "easeInSine"
						},
						"0.4": {
							"vector": [0.8223, 2.07943, -5.00508],
							"easing": "easeInOutSine"
						},
						"0.55": {
							"vector": [1.02811, 1.05418, -3.01919],
							"easing": "easeInOutSine"
						},
						"0.75": {
							"vector": [0, 0, -7.5],
							"easing": "linear"
						}
					},
					"position": {
						"0.0": {
							"vector": [0, -1, 0]
						},
						"0.1167": {
							"vector": [-0.25, -0.75, 0],
							"easing": "easeInSine"
						},
						"0.3": {
							"vector": [-0.5, -1.5, 0],
							"easing": "easeInOutQuad"
						},
						"0.5167": {
							"vector": [-0.25, -0.65, 0],
							"easing": "easeInOutSine"
						},
						"0.75": {
							"vector": [0, -1, 0],
							"easing": "easeOutQuad"
						}
					}
				}
			}
		},
		"animation.model.walking_left": {
			"loop": true,
			"animation_length": 0.75,
			"bones": {
				"main": {
					"rotation": {
						"0.0": {
							"vector": [0, 0, 7.5]
						},
						"0.2": {
							"vector": [0.08226, 0.95269, 4.98362],
							"easing": "easeInSine"
						},
						"0.4": {
							"vector": [1.33258, 1.79575, 10.00089],
							"easing": "easeInOutSine"
						},
						"0.55": {
							"vector": [1.2659, 0.75219, 11.97966],
							"easing": "easeInOutSine"
						},
						"0.75": {
							"vector": [0, 0, 7.5],
							"easing": "linear"
						}
					},
					"position": {
						"0.0": {
							"vector": [0, 0, 0]
						},
						"0.1167": {
							"vector": [-0.25, 0.25, 0],
							"easing": "easeInSine"
						},
						"0.3": {
							"vector": [-0.5, -0.5, 0],
							"easing": "easeInOutQuad"
						},
						"0.5167": {
							"vector": [-0.25, 0.35, 0],
							"easing": "easeInOutSine"
						},
						"0.75": {
							"vector": [0, 0, 0],
							"easing": "easeOutQuad"
						}
					}
				}
			}
		},
		"animation.model.walking_aiming": {
			"loop": true,
			"animation_length": 0.75,
			"bones": {
				"main": {
					"rotation": {
						"0.0": {
							"vector": [0, 0, 0]
						},
						"0.2": {
							"vector": ["-0.0428 / 7", "0.9553 / 9", "-2.5174 / 7"],
							"easing": "easeInSine"
						},
						"0.4": {
							"vector": ["1.0868 / 6", "1.9543 / 10", "2.4985 / 7"],
							"easing": "easeInOutSine"
						},
						"0.55": {
							"vector": ["1.1569 / 7", "0.911 / 10", "4.4806 / 7"],
							"easing": "easeInOutSine"
						},
						"0.75": {
							"vector": [0, 0, 0],
							"easing": "linear"
						}
					},
					"position": {
						"0.0": {
							"vector": [0, 0, 0]
						},
						"0.1167": {
							"vector": ["-0.25 / 4", "0.25 / 4", 0],
							"easing": "easeInSine"
						},
						"0.3": {
							"vector": ["-0.5 / 4", "-0.5 / 4", 0],
							"easing": "easeInOutQuad"
						},
						"0.5167": {
							"vector": ["-0.25 / 4", "0.35 / 4", 0],
							"easing": "easeInOutSine"
						},
						"0.75": {
							"vector": [0, 0, 0],
							"easing": "easeOutQuad"
						}
					}
				}
			}
		},
		"animation.model.runningstart": {
			"animation_length": 0.3,
			"bones": {
				"leftarm": {
					"rotation": {
						"0.0333": {
							"vector": [0, 0, 0]
						},
						"0.3": {
							"vector": [77.89348, -21.42549, 10.12571],
							"easing": "easeInQuad"
						}
					},
					"position": {
						"0.0": {
							"vector": [0, 0, 0]
						},
						"0.3": {
							"vector": [13, -1.84648, 60.71419],
							"easing": "easeInQuad"
						}
					},
					"scale": {
						"0.1333": {
							"vector": [1, 1, 1]
						},
						"0.3": {
							"vector": [0, 0, 0]
						}
					}
				},
				"main": {
					"rotation": {
						"0.0667": {
							"vector": [0, 0, 0]
						},
						"0.3": {
							"vector": [-82.5, 0, 0],
							"easing": "easeInOutQuad"
						}
					},
					"position": {
						"0.0": {
							"vector": [0, 0, 0]
						},
						"0.3": {
							"vector": [-9, 6, 2],
							"easing": "easeInSine"
						}
					}
				}
			}
		},
		"animation.model.running": {
			"loop": true,
			"animation_length": 0.6333,
			"bones": {
				"leftarm": {
					"rotation": {
						"vector": ["easeInOutQuad", "easeInOutQuad", "easeInOutQuad"]
					},
					"position": {
						"vector": [13, -1.84648, 60.71419],
						"easing": "easeInQuad"
					},
					"scale": {
						"vector": [0, 0, 0]
					}
				},
				"main": {
					"rotation": {
						"0.0": {
							"vector": [-82.5, 0, 0],
							"easing": "easeInOutQuad"
						},
						"0.1667": {
							"vector": [-87.46207, -0.43399, -9.99067],
							"easing": "easeInOutSine"
						},
						"0.3333": {
							"vector": [-82.5, 0, 0],
							"easing": "easeInOutQuad"
						},
						"0.4667": {
							"vector": [-75.07713, -1.91134, 4.62111],
							"easing": "easeInOutQuad"
						},
						"0.6333": {
							"vector": [-82.5, 0, 0],
							"easing": "easeInOutQuad"
						}
					},
					"position": {
						"0.0": {
							"vector": [-9, 6, 2],
							"easing": "easeInSine"
						},
						"0.0667": {
							"vector": [-9, 5, 3],
							"easing": "easeOutQuad"
						},
						"0.2333": {
							"vector": [-9, 7, 1],
							"easing": "easeInOutQuad"
						},
						"0.4": {
							"vector": [-8, 4, -1],
							"easing": "easeInOutQuad"
						},
						"0.5667": {
							"vector": [-9, 7, 1],
							"easing": "easeInOutQuad"
						},
						"0.6333": {
							"vector": [-9, 6, 2],
							"easing": "easeInOutQuad"
						}
					}
				}
			}
		},
		"animation.model.runningend": {
			"animation_length": 0.4,
			"bones": {
				"leftarm": {
					"rotation": {
						"0.0333": {
							"vector": [77.89348, -21.42549, 10.12571],
							"easing": "easeInOutQuad"
						},
						"0.4": {
							"vector": [0, 0, 0],
							"easing": "easeOutCubic"
						}
					},
					"position": {
						"0.0": {
							"vector": [13, -1.84648, 60.71419],
							"easing": "easeInQuad"
						},
						"0.3667": {
							"vector": [0, 0, 0],
							"easing": "easeOutCubic"
						}
					},
					"scale": {
						"0.0": {
							"vector": [0, 0, 0]
						},
						"0.1333": {
							"vector": [1, 1, 1]
						}
					}
				},
				"main": {
					"rotation": {
						"0.0333": {
							"vector": [-82.5, 0, 0],
							"easing": "easeInOutQuad"
						},
						"0.4": {
							"vector": [0, 0, 0],
							"easing": "easeInElastic"
						}
					},
					"position": {
						"0.0": {
							"vector": [-9, 6, 2],
							"easing": "easeInSine"
						},
						"0.3667": {
							"vector": [0, 0, 0],
							"easing": "easeInElastic"
						}
					}
				}
			}
		},
		"animation.model.off_ground": {
			"loop": true,
			"animation_length": 0.0333
		},
		"animation.model.off_ground_sprinting": {
			"loop": true,
			"animation_length": 0.8,
			"bones": {
				"leftarm": {
					"rotation": {
						"vector": ["easeInOutQuad", "easeInOutQuad", "easeInOutQuad"]
					},
					"position": {
						"vector": ["easeInOutQuad", "easeInOutQuad", "easeInOutQuad"]
					},
					"scale": {
						"vector": [0, 0, 0]
					}
				},
				"main": {
					"rotation": {
						"0.0": {
							"vector": ["-82.5  + math.sin(query.anim_time * 160) * 1", "math.sin(query.anim_time * 360) * 3", "math.sin(query.anim_time * 60) * 3"],
							"easing": "easeInOutQuad"
						},
						"0.8": {
							"vector": [-82.5, 0, 0],
							"easing": "easeInQuint"
						}
					},
					"position": {
						"0.0": {
							"vector": ["-9 + math.sin(query.anim_time * 300) * 2", 6, 2],
							"easing": "easeInSine"
						},
						"0.8": {
							"vector": [-9, 6, 2],
							"easing": "easeInQuint"
						}
					}
				}
			}
		}
	},
	"geckolib_format_version": 2
}